id,first_name,last_name,email,gender,Full_Name
1,ZACHARIAS,thunnercliff,zthunnercliff0@w3.org,M,ZACHARIAS thunnercliff
2,MEREDETH,andrew,mashforth1@virginia.edu,M,MEREDETH andrew
3,LESTER,mynard,lmynard2@soundcloud.com,M,LESTER mynard
4,PEYTON,artrick,partrick3@soup.io,M,PEYTON artrick
5,WILLI,warnes,wwarnes4@businessinsider.com,M,WILLI warnes
6,MERWYN,wheaton,mwheaton5@nps.gov,M,MERWYN wheaton
7,KELLIE,adamsen,kadamsen6@reference.com,F,KELLIE adamsen
8,AHMAD,hunston,ahunston7@hubpages.com,M,AHMAD hunston
9,BIANKA,kordova,bkordova8@telegraph.co.uk,F,BIANKA kordova
10,CULLIN,crossland,ccrossland9@nydailynews.com,M,CULLIN crossland
11,ODELLA,klemenz,oklemenza@altervista.org,F,ODELLA klemenz
12,PETRONIA,poznanski,ppoznanskib@google.es,F,PETRONIA poznanski
13,LYELL,schoroder,lschoroderc@buzzfeed.com,M,LYELL schoroder
14,SAIDEE,mcaloren,smcalorend@wordpress.org,F,SAIDEE mcaloren
15,THIBAUD,harrild,tharrilde@statcounter.com,M,THIBAUD harrild
16,JOANN,ciciotti,jciciottif@gnu.org,F,JOANN ciciotti
17,TANIA,rowsel,trowselg@spiegel.de,F,TANIA rowsel
18,ELSA,renbold,erenboldh@disqus.com,F,ELSA renbold
19,PAULITA,illsley,pillsleyi@xing.com,F,PAULITA illsley
20,MEI,greason,mgreasonj@shinystat.com,F,MEI greason
21,ROBERTO,tume,rtumek@indiatimes.com,M,ROBERTO tume
22,EALASAID,decruze,edecruzel@instagram.com,F,EALASAID decruze
23,SISSY,gilbank,sgilbankm@stanford.edu,F,SISSY gilbank
24,DAFFY,figgures,dfigguresn@disqus.com,F,DAFFY figgures
25,MADDIE,camber,mcambero@hud.gov,F,MADDIE camber
26,QUILLAN,mcwhorter,qmcwhorterp@goo.ne.jp,M,QUILLAN mcwhorter
27,RICORIKI,stabbins,rstabbinsq@examiner.com,M,RICORIKI stabbins
28,CLEA,shuxsmith,cshuxsmithr@about.com,F,CLEA shuxsmith
29,OSWELL,asipenko,oasipenkos@skyrock.com,M,OSWELL asipenko
30,JORIE,muehler,jmuehlert@buzzfeed.com,F,JORIE muehler
31,JACQUELYN,vedekhov,jvedekhovu@e-recht24.de,F,JACQUELYN vedekhov
32,GAVRA,harrington,gharringtonv@paypal.com,F,GAVRA harrington
33,CALLEY,gregoriou,cgregoriouw@howstuffworks.com,F,CALLEY gregoriou
34,DOLL,jayne,djaynex@cisco.com,F,DOLL jayne
35,DANIKA,keysel,dkeysely@google.es,F,DANIKA keysel
36,AUDIE,haslam,ahaslamz@blogger.com,F,AUDIE haslam
37,CATY,ocorr,cocorr10@howstuffworks.com,F,CATY ocorr
38,FINDLAY,pesticcio,fpesticcio11@icio.us,M,FINDLAY pesticcio
39,FAYINA,coger,fcoger12@google.fr,F,FAYINA coger
40,MARIEJEANNE,ernshaw,mernshaw13@mlb.com,F,MARIEJEANNE ernshaw
41,WARDE,gleasane,wgleasane14@dot.gov,M,WARDE gleasane
42,BOBBIE,elphinstone,belphinstone15@photobucket.com,F,BOBBIE elphinstone
43,WHIT,aveling,waveling16@uol.com.br,M,WHIT aveling
44,SIBYL,leathwood,sleathwood17@slashdot.org,F,SIBYL leathwood
45,BRITA,bulger,bbulger18@blogspot.com,F,BRITA bulger
46,YETTIE,guillerman,yguillerman19@uiuc.edu,F,YETTIE guillerman
47,BARY,mcentagart,bmcentagart1a@telegraph.co.uk,M,BARY mcentagart
48,RAD,egar,regar1b@wunderground.com,M,RAD egar
49,ARCHAIMBAUD,lydford,alydford1c@wiley.com,M,ARCHAIMBAUD lydford
50,GIFFIE,mcmichell,gmcmichell1d@seesaa.net,M,GIFFIE mcmichell
51,WILDON,weyland,wweyland1e@webnode.com,M,WILDON weyland
52,RAFAELLO,eilert,reilert1f@wunderground.com,M,RAFAELLO eilert
53,BETHANY,pavlovsky,bpavlovsky1g@desdev.cn,F,BETHANY pavlovsky
54,SAMMY,mackibbon,smackibbon1h@bigcartel.com,F,SAMMY mackibbon
55,SIDONIA,macilraith,smacilraith1i@bbb.org,F,SIDONIA macilraith
56,BLAIR,sagg,bsagg1j@bing.com,F,BLAIR sagg
57,DOMINICK,pepys,dpepys1k@smugmug.com,M,DOMINICK pepys
58,LORENS,gibbeson,lgibbeson1l@walmart.com,M,LORENS gibbeson
59,HARBERT,bloxsome,hbloxsome1m@live.com,M,HARBERT bloxsome
60,RIP,tremelling,rtremelling1n@google.com.hk,M,RIP tremelling
61,KAELA,jesse,kjesse1o@de.vu,F,KAELA jesse
62,ELSA,pescud,epescud1p@studiopress.com,F,ELSA pescud
63,ASHLI,macbrearty,amacbrearty1q@nymag.com,F,ASHLI macbrearty
64,KYLE,mullally,kmullally1r@scribd.com,M,KYLE mullally
65,KEARY,michelin,kmichelin1s@devhub.com,M,KEARY michelin
66,PAULITA,blaskett,pblaskett1t@umn.edu,F,PAULITA blaskett
67,LEOLINE,pasquale,lpasquale1u@51.la,F,LEOLINE pasquale
68,ORELIA,oliphard,ooliphard1v@livejournal.com,F,ORELIA oliphard
69,PETUNIA,ashton,pashton1w@usa.gov,F,PETUNIA ashton
70,DEMETRIUS,francillo,dfrancillo1x@uiuc.edu,M,DEMETRIUS francillo
71,CHRYSTE,snasdell,csnasdell1y@360.cn,F,CHRYSTE snasdell
72,BARRETT,carlesso,bcarlesso1z@arstechnica.com,M,BARRETT carlesso
73,ANGELINA,liverseege,aliverseege20@samsung.com,F,ANGELINA liverseege
74,SIGISMOND,hissett,shissett21@meetup.com,M,SIGISMOND hissett
75,GROVER,sturdgess,gsturdgess22@shop-pro.jp,M,GROVER sturdgess
76,CALLI,ramsey,cramsey23@furl.net,F,CALLI ramsey
77,AUREL,connue,aconnue24@newsvine.com,F,AUREL connue
78,FRANCHOT,maccaughey,fmaccaughey25@wsj.com,M,FRANCHOT maccaughey
79,PAYTON,langford,plangford26@acquirethisname.com,M,PAYTON langford
80,JESSA,bison,jbison27@deliciousdays.com,F,JESSA bison
81,MORLEE,preshous,mpreshous28@cbsnews.com,M,MORLEE preshous
82,DER,sturzaker,dsturzaker29@walmart.com,M,DER sturzaker
83,IAGO,kerbler,ikerbler2a@cbslocal.com,M,IAGO kerbler
84,ZEBADIAH,primak,zprimak2b@ucla.edu,M,ZEBADIAH primak
85,EVANNE,camidge,ecamidge2c@mozilla.com,F,EVANNE camidge
86,CONRAD,burniston,cburniston2d@dyndns.org,M,CONRAD burniston
87,GIBB,rahlof,grahlof2e@qq.com,M,GIBB rahlof
88,ROXINE,dary,rdary2f@github.io,F,ROXINE dary
89,DUFF,holtum,dholtum2g@hc360.com,M,DUFF holtum
90,TOMMIE,penhalurick,tpenhalurick2h@sfgate.com,M,TOMMIE penhalurick
91,KENNITH,turville,kturville2i@microsoft.com,M,KENNITH turville
92,FREDERIC,vasyaev,fvasyaev2j@soundcloud.com,M,FREDERIC vasyaev
93,DORENA,alanbrooke,dalanbrooke2k@spotify.com,F,DORENA alanbrooke
94,SANSON,lockyear,slockyear2l@oracle.com,M,SANSON lockyear
95,GUGLIELMA,moult,gmoult2m@tumblr.com,F,GUGLIELMA moult
96,HALLY,whitesel,hwhitesel2n@geocities.com,F,HALLY whitesel
97,ELDIN,lourens,elourens2o@ifeng.com,M,ELDIN lourens
98,HALLEY,sawley,hsawley2p@simplemachines.org,F,HALLEY sawley
99,DORE,willstrop,dwillstrop2q@deliciousdays.com,F,DORE willstrop
100,KRYSTYNA,reignard,kreignard2r@meetup.com,F,KRYSTYNA reignard
101,MORSE,krojn,mkrojn2s@aol.com,M,MORSE krojn
102,TATE,caplan,tcaplan2t@eventbrite.com,M,TATE caplan
103,DELORIA,pordall,dpordall2u@hc360.com,F,DELORIA pordall
104,JORI,scammonden,jscammonden2v@msu.edu,F,JORI scammonden
105,ALLEGRA,gainsborough,againsborough2w@1und1.de,F,ALLEGRA gainsborough
106,REGINA,castledine,rcastledine2x@independent.co.uk,F,REGINA castledine
107,JORY,fehners,jfehners2y@theguardian.com,M,JORY fehners
108,FORRESTER,goldsbury,fgoldsbury2z@dailymail.co.uk,M,FORRESTER goldsbury
109,XERXES,lebarr,xlebarr30@adobe.com,M,XERXES lebarr
110,BRIDGETTE,mouth,bmouth31@boston.com,F,BRIDGETTE mouth
111,TORRIN,wooffitt,twooffitt32@surveymonkey.com,M,TORRIN wooffitt
112,ALEXIS,peevor,apeevor33@ca.gov,M,ALEXIS peevor
113,ALBERIK,blinckhorne,ablinckhorne34@google.de,M,ALBERIK blinckhorne
114,ROBENIA,morritt,rmorritt35@prlog.org,F,ROBENIA morritt
115,BIRCH,mcelhinney,bmcelhinney36@unblog.fr,M,BIRCH mcelhinney
116,TRENTON,braisher,tbraisher37@princeton.edu,M,TRENTON braisher
117,NEDI,polly,npolly38@dot.gov,F,NEDI polly
118,ANGELE,kayser,akayser39@livejournal.com,F,ANGELE kayser
119,TALYAH,koomar,tkoomar3a@quantcast.com,F,TALYAH koomar
120,SOPHIA,loveard,sloveard3b@samsung.com,F,SOPHIA loveard
121,DUN,newbatt,dnewbatt3c@cmu.edu,M,DUN newbatt
122,URSULINA,pollok,upollok3d@drupal.org,F,URSULINA pollok
123,BARTHEL,grundy,bgrundy3e@chicagotribune.com,M,BARTHEL grundy
124,CHRYSTEL,beamand,cbeamand3f@bbb.org,F,CHRYSTEL beamand
125,NORMAN,parkman,nparkman3g@sphinn.com,M,NORMAN parkman
126,ETHYL,pindell,epindell3h@buzzfeed.com,F,ETHYL pindell
127,ARLINE,brindle,abrindle3i@cmu.edu,F,ARLINE brindle
128,WILLIE,roly,wroly3j@facebook.com,F,WILLIE roly
129,ETHELRED,carville,ecarville3k@sciencedaily.com,M,ETHELRED carville
130,ROSELINE,bercher,rbercher3l@mac.com,F,ROSELINE bercher
131,MORGAN,cescoti,mcescoti3m@soup.io,F,MORGAN cescoti
132,WILLABELLA,howley,whowley3n@illinois.edu,F,WILLABELLA howley
133,CHANE,bartell,cbartell3o@jimdo.com,M,CHANE bartell
134,ELBERT,kipping,ekipping3p@weather.com,M,ELBERT kipping
135,MIKAELA,drayn,mdrayn3q@nhs.uk,F,MIKAELA drayn
136,ESDRAS,moquin,emoquin3r@cam.ac.uk,M,ESDRAS moquin
137,STEVE,kienl,skienl3s@weebly.com,M,STEVE kienl
138,BEAUFORT,fowlston,bfowlston3t@apache.org,M,BEAUFORT fowlston
139,ODIE,paoletti,opaoletti3u@imgur.com,M,ODIE paoletti
140,EMMA,fawkes,efawkes3v@youtu.be,F,EMMA fawkes
141,MARA,dellcasa,mdellcasa3w@google.com.au,F,MARA dellcasa
142,DEDRA,mcgarahan,dmcgarahan3x@shareasale.com,F,DEDRA mcgarahan
143,MELICENT,wanne,mwanne3y@java.com,F,MELICENT wanne
144,ANTONI,paffitt,apaffitt3z@tuttocitta.it,M,ANTONI paffitt
145,WORDEN,cullum,wcullum40@yolasite.com,M,WORDEN cullum
146,SAYRE,cardall,scardall41@elegantthemes.com,M,SAYRE cardall
147,MICHELLE,roswarn,mroswarn42@desdev.cn,F,MICHELLE roswarn
148,MARGOT,breacher,mbreacher43@blogs.com,F,MARGOT breacher
149,MATTY,rushbrooke,mrushbrooke44@comsenz.com,F,MATTY rushbrooke
150,ALTHEA,harker,aharker45@list-manage.com,F,ALTHEA harker
151,GEREK,peto,gpeto46@wufoo.com,M,GEREK peto
152,JOANNA,ratazzi,jratazzi47@tiny.cc,F,JOANNA ratazzi
153,ROIS,goskar,rgoskar48@chicagotribune.com,F,ROIS goskar
154,DOT,vandecastele,dvandecastele49@symantec.com,F,DOT vandecastele
155,TALLIA,bedward,tbedward4a@xrea.com,F,TALLIA bedward
156,ADELA,baitman,abaitman4b@ezinearticles.com,F,ADELA baitman
157,TARRANCE,rubinsohn,trubinsohn4c@washingtonpost.com,M,TARRANCE rubinsohn
158,JODY,larrosa,jlarrosa4d@google.ru,F,JODY larrosa
159,ADOLPH,brookhouse,abrookhouse4e@sakura.ne.jp,M,ADOLPH brookhouse
160,CORD,mcdavitt,cmcdavitt4f@cbsnews.com,M,CORD mcdavitt
161,CRAGGIE,creser,ccreser4g@netscape.com,M,CRAGGIE creser
162,NEALE,hatherell,nhatherell4h@webnode.com,M,NEALE hatherell
163,LANIE,lampen,llampen4i@bravesites.com,M,LANIE lampen
164,KENDRICK,sowerbutts,ksowerbutts4j@e-recht24.de,M,KENDRICK sowerbutts
165,DAREN,keddey,dkeddey4k@weather.com,M,DAREN keddey
166,DIANNA,mcloughlin,dmcloughlin4l@sourceforge.net,F,DIANNA mcloughlin
167,AARIKA,guinnane,aguinnane4m@soundcloud.com,F,AARIKA guinnane
168,HASTINGS,mennell,hmennell4n@cisco.com,M,HASTINGS mennell
169,RANSELL,june,rjune4o@de.vu,M,RANSELL june
170,FILMER,bentsen,fbentsen4p@howstuffworks.com,M,FILMER bentsen
171,EMILIO,melbert,emelbert4q@friendfeed.com,M,EMILIO melbert
172,CARMITA,kadwallider,ckadwallider4r@youku.com,F,CARMITA kadwallider
173,ABBIE,brockie,abrockie4s@dedecms.com,M,ABBIE brockie
174,JEROMY,ivanchin,jivanchin4t@mediafire.com,M,JEROMY ivanchin
175,DARNALL,alhirsi,dalhirsi4u@cnn.com,M,DARNALL alhirsi
176,SERENE,pendle,spendle4v@tiny.cc,F,SERENE pendle
177,NICKOLAUS,busswell,nbusswell4w@home.pl,M,NICKOLAUS busswell
178,XENOS,klebes,xklebes4x@latimes.com,M,XENOS klebes
179,AKSEL,gerold,agerold4y@prlog.org,M,AKSEL gerold
180,LESLI,mackimmie,lmackimmie4z@goo.gl,F,LESLI mackimmie
181,DDENE,syder,dsyder50@yandex.ru,F,DDENE syder
182,VERONIKA,sempill,vsempill51@icq.com,F,VERONIKA sempill
183,AILEEN,bartel,abartel52@sbwire.com,F,AILEEN bartel
184,EDI,bergen,ebergen53@plala.or.jp,F,EDI bergen
185,BONNY,bertrand,bbertrand54@hibu.com,F,BONNY bertrand
186,JOSHUA,cavil,jcavil55@craigslist.org,M,JOSHUA cavil
187,HOMERE,huguet,hhuguet56@cdc.gov,M,HOMERE huguet
188,HART,amies,hamies57@bbc.co.uk,M,HART amies
189,AVIVA,carayol,acarayol58@boston.com,F,AVIVA carayol
190,ALEXANDRO,yule,ayule59@hubpages.com,M,ALEXANDRO yule
191,CHARLOTTE,kalinovich,ckalinovich5a@mail.ru,F,CHARLOTTE kalinovich
192,ROSELIN,cobbing,rcobbing5b@guardian.co.uk,F,ROSELIN cobbing
193,FANYA,bricket,fbricket5c@aol.com,F,FANYA bricket
194,SHALOM,lamblot,slamblot5d@bloglines.com,M,SHALOM lamblot
195,CAMEY,viant,cviant5e@nba.com,M,CAMEY viant
196,DELMAR,bulward,dbulward5f@canalblog.com,M,DELMAR bulward
197,BIANKA,kun,bkun5g@latimes.com,F,BIANKA kun
198,SEAN,struttman,sstruttman5h@delicious.com,M,SEAN struttman
199,LALO,shevelin,lshevelin5i@quantcast.com,M,LALO shevelin
200,ERMA,pere,epere5j@mediafire.com,F,ERMA pere
201,TERENCE,poulgreen,tpoulgreen5k@w3.org,M,TERENCE poulgreen
202,HETTIE,scading,hscading5l@google.com.br,F,HETTIE scading
203,WILBERT,pavelin,wpavelin5m@whitehouse.gov,M,WILBERT pavelin
204,BURT,fosdike,bfosdike5n@dmoz.org,M,BURT fosdike
205,KRISTEL,marian,kmarian5o@twitpic.com,F,KRISTEL marian
206,MORD,winterborne,mwinterborne5p@deviantart.com,M,MORD winterborne
207,ZARIA,pina,zpina5q@gnu.org,F,ZARIA pina
208,VON,iacobo,viacobo5r@so-net.ne.jp,M,VON iacobo
209,GLADYS,outridge,goutridge5s@nbcnews.com,F,GLADYS outridge
210,ROBENA,rankcom,rrankcom5t@skype.com,F,ROBENA rankcom
211,OLLY,yaus,oyaus5u@acquirethisname.com,M,OLLY yaus
212,IONA,skiplorne,iskiplorne5v@wikia.com,F,IONA skiplorne
213,ORIN,murphey,omurphey5w@istockphoto.com,M,ORIN murphey
214,ISIDORA,faragan,ifaragan5x@youtu.be,F,ISIDORA faragan
215,GILBERTA,medcraft,gmedcraft5y@taobao.com,F,GILBERTA medcraft
216,MARIO,marshman,mmarshman5z@bluehost.com,M,MARIO marshman
217,RICK,girodier,rgirodier60@foxnews.com,M,RICK girodier
218,HALI,marages,hmarages61@google.de,F,HALI marages
219,MAURICIO,nancarrow,mnancarrow62@ameblo.jp,M,MAURICIO nancarrow
220,ALYSIA,dyble,adyble63@slate.com,F,ALYSIA dyble
221,FIELDS,pedler,fpedler64@gmpg.org,M,FIELDS pedler
222,ALLYN,wilfing,awilfing65@qq.com,M,ALLYN wilfing
223,KANIA,yurasov,kyurasov66@mashable.com,F,KANIA yurasov
224,GORAUD,dellow,gdellow67@quantcast.com,M,GORAUD dellow
225,KRISTOS,febvre,kfebvre68@edublogs.org,M,KRISTOS febvre
226,TERRY,beels,tbeels69@woothemes.com,M,TERRY beels
227,MINNNIE,cardinal,mcardinal6a@ucla.edu,F,MINNNIE cardinal
228,ZARAH,broke,zbroke6b@dyndns.org,F,ZARAH broke
229,ZEB,laxtonne,zlaxtonne6c@merriam-webster.com,M,ZEB laxtonne
230,LOGAN,ballefant,lballefant6d@arizona.edu,M,LOGAN ballefant
231,RUDIE,gritsunov,rgritsunov6e@engadget.com,M,RUDIE gritsunov
232,ANTONY,burkin,aburkin6f@digg.com,M,ANTONY burkin
233,AMELITA,macgettigen,amacgettigen6g@dyndns.org,F,AMELITA macgettigen
234,CHLO,guiett,cguiett6h@desdev.cn,F,CHLO guiett
235,WRENNIE,rosson,wrosson6i@exblog.jp,F,WRENNIE rosson
236,ANNEMARIE,collen,acollen6j@unblog.fr,F,ANNEMARIE collen
237,CORAL,bailles,cbailles6k@bing.com,F,CORAL bailles
238,BENIAMINO,ashelford,bashelford6l@squidoo.com,M,BENIAMINO ashelford
239,JOSHIA,larn,jlarn6m@so-net.ne.jp,M,JOSHIA larn
240,GAILE,wignall,gwignall6n@amazon.co.jp,M,GAILE wignall
241,RENIE,wallice,rwallice6o@accuweather.com,F,RENIE wallice
242,ROSEMONDE,reville,rreville6p@blogtalkradio.com,F,ROSEMONDE reville
243,STACEY,holttom,sholttom6q@diigo.com,F,STACEY holttom
244,DENNY,wellbank,dwellbank6r@netlog.com,M,DENNY wellbank
245,YOLANE,fedynski,yfedynski6s@edublogs.org,F,YOLANE fedynski
246,CLAY,tolle,ctolle6t@java.com,M,CLAY tolle
247,RAYE,simper,rsimper6u@ameblo.jp,F,RAYE simper
248,AURORA,pickerell,apickerell6v@walmart.com,F,AURORA pickerell
249,GOLDIA,melan,gmelan6w@1688.com,F,GOLDIA melan
250,JOHNNY,hammonds,jhammonds6x@behance.net,M,JOHNNY hammonds
251,JOELLY,blesing,jblesing6y@amazon.co.jp,F,JOELLY blesing
252,ROCK,sayle,rsayle6z@cloudflare.com,M,ROCK sayle
253,FAYTHE,dury,fdury70@quantcast.com,F,FAYTHE dury
254,SARGENT,friedenbach,sfriedenbach71@microsoft.com,M,SARGENT friedenbach
255,ARTEMUS,kestin,akestin72@mit.edu,M,ARTEMUS kestin
256,MANDI,endean,mendean73@tinyurl.com,F,MANDI endean
257,TABB,avrahamoff,tavrahamoff74@ed.gov,M,TABB avrahamoff
258,HADLEE,dyet,hdyet75@pen.io,M,HADLEE dyet
259,SMITH,jamary,sjamary76@shareasale.com,M,SMITH jamary
260,BROOKS,pass,bpass77@ovh.net,F,BROOKS pass
261,HALLSY,daveridge,hdaveridge78@domainmarket.com,M,HALLSY daveridge
262,GUENEVERE,quibell,gquibell79@unc.edu,F,GUENEVERE quibell
263,CHRISTIN,collcott,ccollcott7a@illinois.edu,F,CHRISTIN collcott
264,FABE,mcmains,fmcmains7b@last.fm,M,FABE mcmains
265,MARIETTA,hugett,mhugett7c@uol.com.br,M,MARIETTA hugett
266,NATALYA,nelle,nnelle7d@theguardian.com,F,NATALYA nelle
267,FRIEDRICH,hampe,fhampe7e@thetimes.co.uk,M,FRIEDRICH hampe
268,ROSY,walewicz,rwalewicz7f@biblegateway.com,F,ROSY walewicz
269,NARI,ravenscroftt,nravenscroftt7g@seattletimes.com,F,NARI ravenscroftt
270,BIRGIT,wisbey,bwisbey7h@ed.gov,F,BIRGIT wisbey
271,BASILIO,couper,bcouper7i@ucoz.ru,M,BASILIO couper
272,SEBASTIEN,lammertz,slammertz7j@microsoft.com,M,SEBASTIEN lammertz
273,SHANON,markie,smarkie7k@biglobe.ne.jp,F,SHANON markie
274,AAREN,dombrell,adombrell7l@chron.com,F,AAREN dombrell
275,BAIRD,btham,bbtham7m@joomla.org,M,BAIRD btham
276,JUDIE,kingswoode,jkingswoode7n@facebook.com,F,JUDIE kingswoode
277,ANGELICA,quarles,aquarles7o@1688.com,F,ANGELICA quarles
278,HILLIE,gilburt,hgilburt7p@dedecms.com,M,HILLIE gilburt
279,GAEL,winckle,gwinckle7q@bloglovin.com,M,GAEL winckle
280,BURT,macconnechie,bmacconnechie7r@forbes.com,M,BURT macconnechie
281,RUSS,meran,rmeran7s@clickbank.net,M,RUSS meran
282,FRANCES,annakin,fannakin7t@studiopress.com,F,FRANCES annakin
283,AUGUSTINA,greenwood,agreenwood7u@cafepress.com,F,AUGUSTINA greenwood
284,DEW,attaway,dattaway7v@prweb.com,M,DEW attaway
285,SYBILLE,ghidetti,sghidetti7w@msu.edu,F,SYBILLE ghidetti
286,ANDY,gyorgy,agyorgy7x@linkedin.com,M,ANDY gyorgy
287,SHELLY,aggett,saggett7y@msn.com,F,SHELLY aggett
288,CRISTINE,wyldbore,cwyldbore7z@php.net,F,CRISTINE wyldbore
289,HARLEY,castelain,hcastelain80@sina.com.cn,M,HARLEY castelain
290,FRED,toler,ftoler81@joomla.org,M,FRED toler
291,MATTIE,tottle,mtottle82@wikimedia.org,F,MATTIE tottle
292,PAOLO,macmillan,pmacmillan83@xrea.com,M,PAOLO macmillan
293,OPHELIE,storror,ostorror84@miibeian.gov.cn,F,OPHELIE storror
294,EDE,ruscoe,eruscoe85@infoseek.co.jp,F,EDE ruscoe
295,BERNADINE,dare,bdare86@over-blog.com,F,BERNADINE dare
296,XENA,hinckley,xhinckley87@cdbaby.com,F,XENA hinckley
297,BRIDIE,mccrillis,bmccrillis88@phoca.cz,F,BRIDIE mccrillis
298,TUCKIE,lendrem,tlendrem89@yolasite.com,M,TUCKIE lendrem
299,JOHN,claussen,jclaussen8a@cloudflare.com,M,JOHN claussen
300,DARELL,butterwick,dbutterwick8b@ucla.edu,F,DARELL butterwick
301,OTHELLA,hudspith,ohudspith8c@ca.gov,F,OTHELLA hudspith
302,SILVIE,davidzon,sdavidzon8d@free.fr,F,SILVIE davidzon
303,NATALINA,branchett,nbranchett8e@imageshack.us,F,NATALINA branchett
304,WHITBY,ogeaney,wogeaney8f@dedecms.com,M,WHITBY ogeaney
305,ODELL,simionescu,osimionescu8g@yale.edu,M,ODELL simionescu
306,CARLIN,spackman,cspackman8h@ezinearticles.com,F,CARLIN spackman
307,BLONDY,wyon,bwyon8i@miitbeian.gov.cn,F,BLONDY wyon
308,MARIA,applewhaite,mapplewhaite8j@flavors.me,F,MARIA applewhaite
309,MOSS,patient,mpatient8k@webeden.co.uk,M,MOSS patient
310,WITTIE,colebeck,wcolebeck8l@elegantthemes.com,M,WITTIE colebeck
311,JENICA,cristoforetti,jcristoforetti8m@example.com,F,JENICA cristoforetti
312,VIKI,puddin,vpuddin8n@plala.or.jp,F,VIKI puddin
313,DI,osesnane,dosesnane8o@marketwatch.com,F,DI osesnane
314,EBENEZER,antoney,eantoney8p@hibu.com,M,EBENEZER antoney
315,LEUPOLD,apthorpe,lapthorpe8q@tmall.com,M,LEUPOLD apthorpe
316,HANNY,shave,hshave8r@boston.com,F,HANNY shave
317,SERGEI,stripling,sstripling8s@printfriendly.com,M,SERGEI stripling
318,ANALLESE,bollis,abollis8t@oakley.com,F,ANALLESE bollis
319,TOBE,carverhill,tcarverhill8u@bloomberg.com,M,TOBE carverhill
320,MART,railton,mrailton8v@nytimes.com,M,MART railton
321,KELBEE,zecchini,kzecchini8w@imdb.com,M,KELBEE zecchini
322,CINDA,aronovitz,caronovitz8x@163.com,F,CINDA aronovitz
323,NIKOLAUS,hyslop,nhyslop8y@accuweather.com,M,NIKOLAUS hyslop
324,KONSTANCE,wycliffe,kwycliffe8z@dropbox.com,F,KONSTANCE wycliffe
325,MARSH,bould,mbould90@cdc.gov,M,MARSH bould
326,NESTOR,dormer,ndormer91@google.ru,M,NESTOR dormer
327,LORNE,work,lwork92@lulu.com,F,LORNE work
328,CURREY,holme,cholme93@google.com.au,M,CURREY holme
329,FIDELITY,marquot,fmarquot94@cornell.edu,F,FIDELITY marquot
330,LORALEE,mckeighan,lmckeighan95@google.fr,F,LORALEE mckeighan
331,ERICH,ungerechts,eungerechts96@wikimedia.org,M,ERICH ungerechts
332,IGNAZ,ocrevan,iocrevan97@nih.gov,M,IGNAZ ocrevan
333,IORGO,dowers,idowers98@nasa.gov,M,IORGO dowers
334,ISSI,salatino,isalatino99@wsj.com,F,ISSI salatino
335,ANTONIN,leabeater,aleabeater9a@vistaprint.com,M,ANTONIN leabeater
336,DELILA,becerro,dbecerro9b@ed.gov,F,DELILA becerro
337,LEILA,gergler,lgergler9c@intel.com,F,LEILA gergler
338,DOMENICO,kitcatt,dkitcatt9d@discuz.net,M,DOMENICO kitcatt
339,MORGAN,redpath,mredpath9e@businessweek.com,M,MORGAN redpath
340,EVIE,clutton,eclutton9f@google.com.hk,F,EVIE clutton
341,JOHNY,schechter,jschechter9g@senate.gov,M,JOHNY schechter
342,RIVKAH,mcelory,rmcelory9h@dedecms.com,F,RIVKAH mcelory
343,VIKKI,hannaford,vhannaford9i@seesaa.net,F,VIKKI hannaford
344,DARNALL,uc,duc9j@imageshack.us,M,DARNALL uc
345,NELSON,woolcocks,nwoolcocks9k@spotify.com,M,NELSON woolcocks
346,JEREMY,eccersley,jeccersley9l@shinystat.com,M,JEREMY eccersley
347,REGINAULD,bletcher,rbletcher9m@google.it,M,REGINAULD bletcher
348,FERGUS,bows,fbows9n@ucsd.edu,M,FERGUS bows
349,PASCAL,dilrew,pdilrew9o@phpbb.com,M,PASCAL dilrew
350,RUBIN,koop,rkoop9p@bluehost.com,M,RUBIN koop
351,IORGO,ruddell,iruddell9q@github.com,M,IORGO ruddell
352,EBENEZER,jimes,ejimes9r@youtube.com,M,EBENEZER jimes
353,FRANCESCA,bretherton,fbretherton9s@gov.uk,F,FRANCESCA bretherton
354,BETTEANN,dalloway,bdalloway9t@dyndns.org,F,BETTEANN dalloway
355,CHESLIE,edridge,cedridge9u@buzzfeed.com,F,CHESLIE edridge
356,CORREY,stlouis,cstlouis9v@discuz.net,M,CORREY stlouis
357,GREGOOR,dietmar,gdietmar9w@uol.com.br,M,GREGOOR dietmar
358,JETHRO,troup,jtroup9x@cam.ac.uk,M,JETHRO troup
359,FLEURETTE,bolwell,fbolwell9y@biglobe.ne.jp,F,FLEURETTE bolwell
360,HUMFREY,greedier,hgreedier9z@theatlantic.com,M,HUMFREY greedier
361,MIDGE,stollberg,mstollberga0@statcounter.com,F,MIDGE stollberg
362,CASSANDRE,dilley,cdilleya1@soup.io,F,CASSANDRE dilley
363,BRIDGETTE,rewbottom,brewbottoma2@tinyurl.com,F,BRIDGETTE rewbottom
364,GEORGETTA,spender,gspendera3@prweb.com,F,GEORGETTA spender
365,OLE,outright,ooutrighta4@smh.com.au,M,OLE outright
366,BILL,labat,blabata5@friendfeed.com,F,BILL labat
367,ROSMUNDA,jerrans,rjerransa6@usa.gov,F,ROSMUNDA jerrans
368,MORGEN,hiskey,mhiskeya7@ucsd.edu,M,MORGEN hiskey
369,INGABERG,buist,ibuista8@techcrunch.com,F,INGABERG buist
370,MARIGOLD,hegerty,mhegertya9@wunderground.com,F,MARIGOLD hegerty
371,IZAK,greyes,igreyesaa@skype.com,M,IZAK greyes
372,MAMIE,adnett,madnettab@unicef.org,F,MAMIE adnett
373,AGNETA,iozefovich,aiozefovichac@etsy.com,F,AGNETA iozefovich
374,AILE,impy,aimpyad@weibo.com,F,AILE impy
375,PAGE,bick,pbickae@hibu.com,F,PAGE bick
376,ANETT,dorrian,adorrianaf@baidu.com,F,ANETT dorrian
377,SUZY,hankinson,shankinsonag@webs.com,F,SUZY hankinson
378,EMELINA,klagge,eklaggeah@elegantthemes.com,F,EMELINA klagge
379,FENELIA,naughton,fnaughtonai@illinois.edu,F,FENELIA naughton
380,LANI,battabee,lbattabeeaj@blogtalkradio.com,F,LANI battabee
381,STEPHANNIE,omullen,somullenak@alexa.com,F,STEPHANNIE omullen
382,ABDEL,scarce,ascarceal@un.org,M,ABDEL scarce
383,ODILLE,aviss,oavissam@merriam-webster.com,F,ODILLE aviss
384,GABRIELLIA,duckfield,gduckfieldan@earthlink.net,F,GABRIELLIA duckfield
385,ERNALINE,leggate,eleggateao@icq.com,F,ERNALINE leggate
386,CONSUELA,macieja,cmaciejaap@auda.org.au,F,CONSUELA macieja
387,LELAND,mayston,lmaystonaq@xing.com,M,LELAND mayston
388,CLEVELAND,thicking,cthickingar@skyrock.com,M,CLEVELAND thicking
389,BARBI,lorimer,blorimeras@bbb.org,F,BARBI lorimer
390,BREE,hercules,bherculesat@instagram.com,F,BREE hercules
391,STEPHANI,pestor,spestorau@uol.com.br,F,STEPHANI pestor
392,VILHELMINA,handover,vhandoverav@cbslocal.com,F,VILHELMINA handover
393,HILLIARD,adanet,hadanetaw@economist.com,M,HILLIARD adanet
394,SELA,gauson,sgausonax@independent.co.uk,F,SELA gauson
395,EMMERICH,kirtley,ekirtleyay@samsung.com,M,EMMERICH kirtley
396,VALENTIA,curnock,vcurnockaz@usgs.gov,F,VALENTIA curnock
397,GERIK,dochon,gdochonb0@godaddy.com,M,GERIK dochon
398,CAMI,golden,cgoldenb1@wufoo.com,F,CAMI golden
399,JOURDAIN,mcpeeters,jmcpeetersb2@yale.edu,M,JOURDAIN mcpeeters
400,TIMI,huddles,thuddlesb3@jiathis.com,F,TIMI huddles
401,DEBRA,stapford,dstapfordb4@yahoo.co.jp,F,DEBRA stapford
402,ALDRIDGE,covotti,acovottib5@answers.com,M,ALDRIDGE covotti
403,STELLA,pheby,sphebyb6@gov.uk,F,STELLA pheby
404,CORDELIE,glacken,cglackenb7@hexun.com,F,CORDELIE glacken
405,FRASER,lis,flisb8@time.com,M,FRASER lis
406,DELORES,ixer,dixerb9@aboutads.info,F,DELORES ixer
407,SHEA,theze,sthezeba@amazon.co.uk,F,SHEA theze
408,NATTY,iamittii,niamittiibb@admin.ch,F,NATTY iamittii
409,RIVKAH,macmakin,rmacmakinbc@bravesites.com,F,RIVKAH macmakin
410,EARLY,biglin,ebiglinbd@independent.co.uk,M,EARLY biglin
411,PERLE,geistbeck,pgeistbeckbe@fotki.com,F,PERLE geistbeck
412,RICKIE,gorler,rgorlerbf@yellowbook.com,M,RICKIE gorler
413,HETTIE,youll,hyoullbg@ask.com,F,HETTIE youll
414,YELENA,croux,ycrouxbh@is.gd,F,YELENA croux
415,GREGORY,berg,gbergbi@icq.com,M,GREGORY berg
416,HERCULIE,habershaw,hhabershawbj@meetup.com,M,HERCULIE habershaw
417,SKIPPIE,marshal,smarshalbk@ow.ly,M,SKIPPIE marshal
418,KAREEM,dur,kdurbl@dyndns.org,M,KAREEM dur
419,DAVIDDE,reddlesden,dreddlesdenbm@surveymonkey.com,M,DAVIDDE reddlesden
420,DANI,mcteer,dmcteerbn@163.com,M,DANI mcteer
421,XERXES,keyworth,xkeyworthbo@ning.com,M,XERXES keyworth
422,MATELDA,izakson,mizaksonbp@wired.com,F,MATELDA izakson
423,STAN,bittleson,sbittlesonbq@ucsd.edu,M,STAN bittleson
424,GUENEVERE,mosby,gmosbybr@gov.uk,F,GUENEVERE mosby
425,DONICA,glasner,dglasnerbs@hostgator.com,F,DONICA glasner
426,DANTE,monnelly,dmonnellybt@t-online.de,M,DANTE monnelly
427,AHARON,guarin,aguarinbu@lycos.com,M,AHARON guarin
428,JESSA,older,jolderbv@craigslist.org,F,JESSA older
429,HEDDIE,rignall,hrignallbw@illinois.edu,F,HEDDIE rignall
430,ANASTASIA,banford,abanfordbx@mtv.com,F,ANASTASIA banford
431,KITTIE,beebis,kbeebisby@e-recht24.de,F,KITTIE beebis
432,TABITHA,billany,tbillanybz@pbs.org,F,TABITHA billany
433,REUBE,mcnalley,rmcnalleyc0@sourceforge.net,M,REUBE mcnalley
434,CAREN,roakes,croakesc1@altervista.org,F,CAREN roakes
435,CARMENCITA,umbert,cumbertc2@apple.com,F,CARMENCITA umbert
436,CORNEY,bruhn,cbruhnc3@vimeo.com,M,CORNEY bruhn
437,AMBY,fettiplace,afettiplacec4@tamu.edu,M,AMBY fettiplace
438,KITTI,thombleson,kthomblesonc5@bbc.co.uk,F,KITTI thombleson
439,VERGIL,vasyatkin,vvasyatkinc6@flavors.me,M,VERGIL vasyatkin
440,KIM,sessions,ksessionsc7@pbs.org,F,KIM sessions
441,WASH,pavek,wpavekc8@mail.ru,M,WASH pavek
442,LUKE,mangeney,lmangeneyc9@slate.com,M,LUKE mangeney
443,NIKOLAOS,farres,nfarresca@creativecommons.org,M,NIKOLAOS farres
444,LORY,lathey,llatheycb@creativecommons.org,F,LORY lathey
445,SMITH,domnick,sdomnickcc@army.mil,M,SMITH domnick
446,GLEN,mattholie,gmattholiecd@jimdo.com,M,GLEN mattholie
447,LEE,ace,lacece@chicagotribune.com,M,LEE ace
448,HOLMES,santi,hsanticf@sogou.com,M,HOLMES santi
449,GARREK,brahmer,gbrahmercg@sakura.ne.jp,M,GARREK brahmer
450,NIKO,lippi,nlippich@vinaora.com,M,NIKO lippi
451,PALMER,crosdill,pcrosdillci@live.com,M,PALMER crosdill
452,ANTHEA,colby,acolbycj@dagondesign.com,F,ANTHEA colby
453,TRAVUS,everett,teverettck@japanpost.jp,M,TRAVUS everett
454,ADELIND,odde,aoddecl@indiatimes.com,F,ADELIND odde
455,HERCULE,chesworth,hchesworthcm@stumbleupon.com,M,HERCULE chesworth
456,JERROLD,stithe,jstithecn@histats.com,M,JERROLD stithe
457,NESSY,fullstone,nfullstoneco@reverbnation.com,F,NESSY fullstone
458,BERNY,leaming,bleamingcp@ameblo.jp,F,BERNY leaming
459,TRESCHA,flode,tflodecq@tiny.cc,F,TRESCHA flode
460,MARYANNA,iskowitz,miskowitzcr@wunderground.com,F,MARYANNA iskowitz
461,KAILA,cogdon,kcogdoncs@mit.edu,F,KAILA cogdon
462,JEROME,broomfield,jbroomfieldct@newyorker.com,M,JEROME broomfield
463,GWENDOLIN,champerlen,gchamperlencu@blog.com,F,GWENDOLIN champerlen
464,CHRIS,lennarde,clennardecv@pcworld.com,M,CHRIS lennarde
465,ALFIE,rainbird,arainbirdcw@jiathis.com,M,ALFIE rainbird
466,PIERSON,pedreschi,ppedreschicx@naver.com,M,PIERSON pedreschi
467,BURKE,bartalini,bbartalinicy@flickr.com,M,BURKE bartalini
468,CHRISSIE,schwerin,cschwerincz@mysql.com,F,CHRISSIE schwerin
469,SHAY,sheer,ssheerd0@exblog.jp,M,SHAY sheer
470,ORV,buffham,obuffhamd1@jigsy.com,M,ORV buffham
471,PATTIE,weaben,pweabend2@mlb.com,M,PATTIE weaben
472,HELAINA,brandenberg,hbrandenbergd3@marketwatch.com,F,HELAINA brandenberg
473,ESME,hyslop,ehyslopd4@imageshack.us,F,ESME hyslop
474,JONATHAN,kilban,jkilband5@usda.gov,M,JONATHAN kilban
475,DENVER,fay,dfayd6@devhub.com,M,DENVER fay
476,LATISHA,stapleton,lstapletond7@ask.com,F,LATISHA stapleton
477,TESSI,allright,tallrightd8@imdb.com,F,TESSI allright
478,MERRILE,helks,mhelksd9@spiegel.de,F,MERRILE helks
479,PARKE,gudyer,pgudyerda@tripadvisor.com,M,PARKE gudyer
480,BABITA,beneteau,bbeneteaudb@omniture.com,F,BABITA beneteau
481,HARLEN,bamlet,hbamletdc@salon.com,M,HARLEN bamlet
482,EUGENE,carsey,ecarseydd@reference.com,M,EUGENE carsey
483,MITCH,gwillym,mgwillymde@sun.com,M,MITCH gwillym
484,CHALMERS,kleanthous,ckleanthousdf@economist.com,M,CHALMERS kleanthous
485,SHOSHANA,ithell,sithelldg@state.gov,F,SHOSHANA ithell
486,ALISON,castellone,acastellonedh@goo.gl,F,ALISON castellone
487,EZRI,maskew,emaskewdi@shinystat.com,M,EZRI maskew
488,ALEXI,eighteen,aeighteendj@odnoklassniki.ru,F,ALEXI eighteen
489,DARN,farnhill,dfarnhilldk@posterous.com,M,DARN farnhill
490,LIONEL,saenz,lsaenzdl@nhs.uk,M,LIONEL saenz
491,STEFA,hirjak,shirjakdm@themeforest.net,F,STEFA hirjak
492,PASQUALE,loney,ploneydn@pinterest.com,M,PASQUALE loney
493,LIBBY,ochiltree,lochiltreedo@usgs.gov,F,LIBBY ochiltree
494,ARTEMAS,dorsey,adorseydp@g.co,M,ARTEMAS dorsey
495,ALYDA,dougherty,adoughertydq@google.com.au,F,ALYDA dougherty
496,IRVING,benazet,ibenazetdr@toplist.cz,M,IRVING benazet
497,BARRIS,deinhard,bdeinhardds@gravatar.com,M,BARRIS deinhard
498,GERRY,sidebotham,gsidebothamdt@about.me,F,GERRY sidebotham
499,SUTTON,springer,sspringerdu@blogs.com,M,SUTTON springer
500,SUZETTE,autry,sautrydv@pinterest.com,F,SUZETTE autry
501,RICHART,glenn,rglenndw@sogou.com,M,RICHART glenn
502,BILLYE,ody,bodydx@lycos.com,F,BILLYE ody
503,LESTER,mole,lmoledy@nymag.com,M,LESTER mole
504,HYNDA,leroy,hleroydz@whitehouse.gov,F,HYNDA leroy
505,FEDERICA,coe,fcoee0@comcast.net,F,FEDERICA coe
506,NICOLEA,gillino,ngillinoe1@pinterest.com,F,NICOLEA gillino
507,THEODORIC,macphail,tmacphaile2@ftc.gov,M,THEODORIC macphail
508,STAR,wigmore,swigmoree3@vkontakte.ru,F,STAR wigmore
509,REINALDOS,gellion,rgellione4@lulu.com,M,REINALDOS gellion
510,TRAVUS,ginity,tginitye5@google.nl,M,TRAVUS ginity
511,ALDEN,hailey,ahaileye6@lycos.com,M,ALDEN hailey
512,ATHENA,pimbley,apimbleye7@multiply.com,F,ATHENA pimbley
513,MAXIE,glassborow,mglassborowe8@newsvine.com,F,MAXIE glassborow
514,SIBYL,carabet,scarabete9@hexun.com,M,SIBYL carabet
515,BRIAN,maskall,bmaskallea@omniture.com,M,BRIAN maskall
516,CASANDRA,crowson,ccrowsoneb@tiny.cc,F,CASANDRA crowson
517,ALDON,beelby,abeelbyec@google.com.au,M,ALDON beelby
518,ORBADIAH,shear,osheared@ucoz.com,M,ORBADIAH shear
519,TATE,anscott,tanscottee@plala.or.jp,F,TATE anscott
520,CORISSA,wimbush,cwimbushef@technorati.com,F,CORISSA wimbush
521,GORAN,mcgifford,gmcgiffordeg@rediff.com,M,GORAN mcgifford
522,VIC,prime,vprimeeh@g.co,M,VIC prime
523,ED,yokel,eyokelei@instagram.com,M,ED yokel
524,RENELLE,lyman,rlymanej@admin.ch,F,RENELLE lyman
525,EMA,sidery,esideryek@buzzfeed.com,F,EMA sidery
526,RAVEN,barrim,rbarrimel@123-reg.co.uk,F,RAVEN barrim
527,ALBRECHT,norsister,anorsisterem@ucoz.com,M,ALBRECHT norsister
528,CLEMENCE,feathers,cfeathersen@about.me,F,CLEMENCE feathers
529,MARGERY,abrahmer,mabrahmereo@addthis.com,F,MARGERY abrahmer
530,NARI,foulgham,nfoulghamep@behance.net,F,NARI foulgham
531,ZEDEKIAH,mazey,zmazeyeq@un.org,M,ZEDEKIAH mazey
532,NIKANIKI,mactrustram,nmactrustramer@webnode.com,F,NIKANIKI mactrustram
533,SELMA,lammert,slammertes@google.com.hk,F,SELMA lammert
534,KENDRA,duckels,kduckelset@shinystat.com,F,KENDRA duckels
535,CANDRA,lenthall,clenthalleu@wp.com,F,CANDRA lenthall
536,BESSIE,stellin,bstellinev@miibeian.gov.cn,F,BESSIE stellin
537,NORMIE,burnhard,nburnhardew@nbcnews.com,M,NORMIE burnhard
538,MICHEL,mcchesney,mmcchesneyex@yahoo.co.jp,F,MICHEL mcchesney
539,BRYN,gilfoyle,bgilfoyleey@gravatar.com,F,BRYN gilfoyle
540,ANGUS,braitling,abraitlingez@soup.io,M,ANGUS braitling
541,SHEELAGH,mixer,smixerf0@icq.com,F,SHEELAGH mixer
542,BRIGIT,jope,bjopef1@constantcontact.com,F,BRIGIT jope
543,EDITHA,ledley,eledleyf2@mashable.com,F,EDITHA ledley
544,KAINE,barden,kbardenf3@desdev.cn,M,KAINE barden
545,MARCELLE,newby,mnewbyf4@mtv.com,F,MARCELLE newby
546,ESTER,balaizot,ebalaizotf5@360.cn,F,ESTER balaizot
547,CINNAMON,pickerell,cpickerellf6@latimes.com,F,CINNAMON pickerell
548,EDE,tuminini,etumininif7@ox.ac.uk,F,EDE tuminini
549,SIBBIE,iorio,sioriof8@slashdot.org,F,SIBBIE iorio
550,EZEKIEL,doust,edoustf9@comcast.net,M,EZEKIEL doust
551,QUINTON,eggleson,qegglesonfa@smugmug.com,M,QUINTON eggleson
552,IDA,mcdavid,imcdavidfb@foxnews.com,F,IDA mcdavid
553,SHELDEN,tomes,stomesfc@mozilla.org,M,SHELDEN tomes
554,ROTH,goodbody,rgoodbodyfd@nasa.gov,M,ROTH goodbody
555,KAILE,godding,kgoddingfe@foxnews.com,F,KAILE godding
556,JOE,vonderempten,jvonderemptenff@engadget.com,M,JOE vonderempten
557,JANEL,hoopper,jhoopperfg@fastcompany.com,F,JANEL hoopper
558,TORIE,cory,tcoryfh@123-reg.co.uk,F,TORIE cory
559,SALVADOR,bazoche,sbazochefi@hc360.com,M,SALVADOR bazoche
560,MARTICA,luchetti,mluchettifj@hc360.com,F,MARTICA luchetti
561,ANALLISE,lavallie,alavalliefk@slashdot.org,F,ANALLISE lavallie
562,KATRINA,fontenot,kfontenotfl@icio.us,F,KATRINA fontenot
563,WILLDON,pullen,wpullenfm@mac.com,M,WILLDON pullen
564,VALENTINE,ruprecht,vruprechtfn@japanpost.jp,M,VALENTINE ruprecht
565,ELMO,slyvester,eslyvesterfo@accuweather.com,M,ELMO slyvester
566,DIRK,reis,dreisfp@privacy.gov.au,M,DIRK reis
567,STARR,dalgarnowch,sdalgarnowchfq@cmu.edu,F,STARR dalgarnowch
568,BARI,book,bbookfr@chron.com,F,BARI book
569,ALOISE,artois,aartoisfs@utexas.edu,F,ALOISE artois
570,ATALANTA,vonhelmholtz,avonhelmholtzft@nytimes.com,F,ATALANTA vonhelmholtz
571,BESSIE,rickarsey,brickarseyfu@tripadvisor.com,F,BESSIE rickarsey
572,ABBE,clarkin,aclarkinfv@apple.com,M,ABBE clarkin
573,VERNOR,monget,vmongetfw@goodreads.com,M,VERNOR monget
574,GRANTLEY,hepher,ghepherfx@craigslist.org,M,GRANTLEY hepher
575,DAFFIE,clewlow,dclewlowfy@salon.com,F,DAFFIE clewlow
576,VAUGHAN,verna,vvernafz@jugem.jp,M,VAUGHAN verna
577,JULIETTA,jennaroy,jjennaroyg0@google.ru,F,JULIETTA jennaroy
578,ALISSA,rosenau,arosenaug1@linkedin.com,F,ALISSA rosenau
579,BRIANO,tison,btisong2@constantcontact.com,M,BRIANO tison
580,NATALEE,potteril,npotterilg3@macromedia.com,F,NATALEE potteril
581,LEILA,bon,lbong4@va.gov,F,LEILA bon
582,JASMINA,salvador,jsalvadorg5@chicagotribune.com,F,JASMINA salvador
583,LEXIS,parvin,lparving6@google.pl,F,LEXIS parvin
584,FARA,kyston,fkystong7@phoca.cz,F,FARA kyston
585,FABIO,buckam,fbuckamg8@ibm.com,M,FABIO buckam
586,BOOTHE,hamshaw,bhamshawg9@scientificamerican.com,M,BOOTHE hamshaw
587,PIERCE,mathou,pmathouga@cnbc.com,M,PIERCE mathou
588,AINSLEE,deglanville,adeglanvillegb@dell.com,F,AINSLEE deglanville
589,MATTHAEUS,horley,mhorleygc@fema.gov,M,MATTHAEUS horley
590,GLORI,spybey,gspybeygd@oakley.com,F,GLORI spybey
591,ADRIANNA,tomenson,atomensonge@usatoday.com,F,ADRIANNA tomenson
592,AGNA,barme,abarmegf@ted.com,F,AGNA barme
593,SHEENA,marty,smartygg@rediff.com,F,SHEENA marty
594,AIME,schops,aschopsgh@answers.com,F,AIME schops
595,HESTIA,yates,hyatesgi@google.fr,F,HESTIA yates
596,SARGE,olech,solechgj@theatlantic.com,M,SARGE olech
597,INDIRA,fiennes,ifiennesgk@blinklist.com,F,INDIRA fiennes
598,BEV,tombling,btomblinggl@ehow.com,F,BEV tombling
599,DAREN,galle,dgallegm@weebly.com,M,DAREN galle
600,FANCIE,vanderbrug,fvanderbruggn@godaddy.com,F,FANCIE vanderbrug
601,ALIE,nansom,anansomgo@nsw.gov.au,F,ALIE nansom
602,VAL,jann,vjanngp@bloomberg.com,M,VAL jann
603,WILHELMINA,starling,wstarlinggq@miitbeian.gov.cn,F,WILHELMINA starling
604,RHIANON,farquhar,rfarquhargr@google.com,F,RHIANON farquhar
605,DEE,whenham,dwhenhamgs@ifeng.com,F,DEE whenham
606,LYNDSEY,bellow,lbellowgt@blogtalkradio.com,F,LYNDSEY bellow
607,ZEA,housegoe,zhousegoegu@deliciousdays.com,F,ZEA housegoe
608,KARLIS,ioselevich,kioselevichgv@java.com,M,KARLIS ioselevich
609,LYNNEA,warn,lwarngw@g.co,F,LYNNEA warn
610,LANCE,mccombe,lmccombegx@google.com,M,LANCE mccombe
611,DI,meckiff,dmeckiffgy@nba.com,F,DI meckiff
612,JACKLYN,baal,jbaalgz@is.gd,F,JACKLYN baal
613,ROBINSON,lawler,rlawlerh0@freewebs.com,M,ROBINSON lawler
614,AILE,guillford,aguillfordh1@springer.com,F,AILE guillford
615,CASSEY,silburn,csilburnh2@xing.com,F,CASSEY silburn
616,BAR,chelnam,bchelnamh3@sphinn.com,M,BAR chelnam
617,REGGIS,stolberger,rstolbergerh4@ucoz.ru,M,REGGIS stolberger
618,MYRWYN,greenmon,mgreenmonh5@epa.gov,M,MYRWYN greenmon
619,FAR,harrinson,fharrinsonh6@smugmug.com,M,FAR harrinson
620,VIRGE,lalonde,vlalondeh7@angelfire.com,M,VIRGE lalonde
621,RODGER,obradain,robradainh8@etsy.com,M,RODGER obradain
622,DERBY,oglessane,doglessaneh9@house.gov,M,DERBY oglessane
623,SUZANNE,wanless,swanlessha@globo.com,F,SUZANNE wanless
624,MAXINE,mccourt,mmccourthb@yelp.com,F,MAXINE mccourt
625,GABRIELLIA,labuschagne,glabuschagnehc@livejournal.com,F,GABRIELLIA labuschagne
626,DAWNA,oshiel,doshielhd@ucsd.edu,F,DAWNA oshiel
627,GILBERTINE,rachuig,grachuighe@51.la,F,GILBERTINE rachuig
628,SHERMAN,spradbrow,sspradbrowhf@cpanel.net,M,SHERMAN spradbrow
629,ANNALEE,dirr,adirrhg@tiny.cc,F,ANNALEE dirr
630,SAIDEE,minshall,sminshallhh@virginia.edu,F,SAIDEE minshall
631,ADENA,pickring,apickringhi@google.com,F,ADENA pickring
632,PATTY,jean,pjeanhj@abc.net.au,M,PATTY jean
633,IDELL,vidgeon,ividgeonhk@usa.gov,F,IDELL vidgeon
634,CHERIANNE,petrushanko,cpetrushankohl@ebay.com,F,CHERIANNE petrushanko
635,JACKI,barbery,jbarberyhm@elegantthemes.com,F,JACKI barbery
636,THIBAUT,mottinelli,tmottinellihn@amazon.de,M,THIBAUT mottinelli
637,MARRILEE,thirst,mthirstho@ustream.tv,F,MARRILEE thirst
638,JED,tome,jtomehp@stanford.edu,M,JED tome
639,ALLYN,gutman,agutmanhq@ucsd.edu,M,ALLYN gutman
640,CHEN,daniely,cdanielyhr@rakuten.co.jp,M,CHEN daniely
641,BRUCE,maskelyne,bmaskelynehs@bizjournals.com,M,BRUCE maskelyne
642,FRANS,stores,fstoresht@dot.gov,M,FRANS stores
643,ERVIN,giller,egillerhu@europa.eu,M,ERVIN giller
644,CURREY,jamson,cjamsonhv@youku.com,M,CURREY jamson
645,DACIE,underdown,dunderdownhw@usnews.com,F,DACIE underdown
646,ELVA,shergill,eshergillhx@samsung.com,F,ELVA shergill
647,KELSEY,fishly,kfishlyhy@dell.com,F,KELSEY fishly
648,CYRILLUS,union,cunionhz@desdev.cn,M,CYRILLUS union
649,RUTHIE,mcteer,rmcteeri0@uol.com.br,F,RUTHIE mcteer
650,EVERETT,lendrem,elendremi1@weebly.com,M,EVERETT lendrem
651,TAMAS,boram,tborami2@webeden.co.uk,M,TAMAS boram
652,ALLENE,urien,aurieni3@dion.ne.jp,F,ALLENE urien
653,ADLER,aguirrezabala,aaguirrezabalai4@ifeng.com,M,ADLER aguirrezabala
654,LISSA,pietzker,lpietzkeri5@edublogs.org,F,LISSA pietzker
655,MIKEL,bavester,mbavesteri6@sphinn.com,M,MIKEL bavester
656,THOM,seak,tseaki7@timesonline.co.uk,M,THOM seak
657,LAURIANNE,ainscow,lainscowi8@usatoday.com,F,LAURIANNE ainscow
658,ARNALDO,dace,adacei9@npr.org,M,ARNALDO dace
659,JUNE,uwins,juwinsia@163.com,F,JUNE uwins
660,JOELYNN,hubbard,jhubbardib@typepad.com,F,JOELYNN hubbard
661,RUTHANNE,ikin,rikinic@skype.com,F,RUTHANNE ikin
662,NOLAN,jehaes,njehaesid@sciencedaily.com,M,NOLAN jehaes
663,TABATHA,caven,tcavenie@princeton.edu,F,TABATHA caven
664,DARNELL,simes,dsimesif@tinyurl.com,M,DARNELL simes
665,OTHA,nabbs,onabbsig@bbc.co.uk,F,OTHA nabbs
666,HALETTE,livock,hlivockih@github.com,F,HALETTE livock
667,EVY,corragan,ecorraganii@blogger.com,F,EVY corragan
668,TATIANIA,gaytor,tgaytorij@exblog.jp,F,TATIANIA gaytor
669,WAITER,boatwright,wboatwrightik@rediff.com,M,WAITER boatwright
670,PRESTON,cherrett,pcherrettil@wikimedia.org,M,PRESTON cherrett
671,DOMINICA,pleaden,dpleadenim@ihg.com,F,DOMINICA pleaden
672,OLIN,cregan,ocreganin@furl.net,M,OLIN cregan
673,GAROLD,depaoli,gdepaoliio@opensource.org,M,GAROLD depaoli
674,NICKY,elloway,nellowayip@nih.gov,M,NICKY elloway
675,ISAIAH,shimony,ishimonyiq@hhs.gov,M,ISAIAH shimony
676,RAYNA,huby,rhubyir@cnet.com,F,RAYNA huby
677,CALDWELL,bagot,cbagotis@google.co.jp,M,CALDWELL bagot
678,KINGSLEY,jerrans,kjerransit@simplemachines.org,M,KINGSLEY jerrans
679,RONDA,tomicki,rtomickiiu@msn.com,F,RONDA tomicki
680,UMBERTO,bankhurst,ubankhurstiv@prnewswire.com,M,UMBERTO bankhurst
681,WALY,ransley,wransleyiw@drupal.org,F,WALY ransley
682,DORISA,gradly,dgradlyix@furl.net,F,DORISA gradly
683,AMBUR,squibbes,asquibbesiy@wisc.edu,F,AMBUR squibbes
684,HADLEE,passey,hpasseyiz@123-reg.co.uk,M,HADLEE passey
685,ASHLEY,teggin,ategginj0@google.es,M,ASHLEY teggin
686,XIMENEZ,hobson,xhobsonj1@arstechnica.com,M,XIMENEZ hobson
687,GERTRUDE,wilber,gwilberj2@cdc.gov,F,GERTRUDE wilber
688,KENNIE,romeo,kromeoj3@behance.net,M,KENNIE romeo
689,CHEREY,phin,cphinj4@issuu.com,F,CHEREY phin
690,CHANDLER,burgill,cburgillj5@merriam-webster.com,M,CHANDLER burgill
691,EZECHIEL,awde,eawdej6@bloomberg.com,M,EZECHIEL awde
692,CECILLA,gozney,cgozneyj7@over-blog.com,F,CECILLA gozney
693,JULIANN,andrzejewski,jandrzejewskij8@mediafire.com,F,JULIANN andrzejewski
694,HERVE,jinkin,hjinkinj9@exblog.jp,M,HERVE jinkin
695,LAMAR,swadon,lswadonja@sitemeter.com,M,LAMAR swadon
696,ALLIS,peres,aperesjb@networkadvertising.org,F,ALLIS peres
697,JODIE,quinnelly,jquinnellyjc@mozilla.org,F,JODIE quinnelly
698,MARTI,bebbington,mbebbingtonjd@chicagotribune.com,F,MARTI bebbington
699,KRYSTAL,zanni,kzannije@paginegialle.it,F,KRYSTAL zanni
700,TOMLIN,aizikov,taizikovjf@theguardian.com,M,TOMLIN aizikov
701,BRADE,pelos,bpelosjg@gizmodo.com,M,BRADE pelos
702,LAURA,prisk,lpriskjh@examiner.com,F,LAURA prisk
703,MAISIE,pierrepoint,mpierrepointji@bandcamp.com,F,MAISIE pierrepoint
704,REAMONN,larner,rlarnerjj@alibaba.com,M,REAMONN larner
705,ISA,schubert,ischubertjk@google.co.jp,M,ISA schubert
706,NESSY,bachelar,nbachelarjl@biblegateway.com,F,NESSY bachelar
707,KILLIE,kirlin,kkirlinjm@indiatimes.com,M,KILLIE kirlin
708,NALANI,janeczek,njaneczekjn@hostgator.com,F,NALANI janeczek
709,JULIETA,langhorne,jlanghornejo@shareasale.com,F,JULIETA langhorne
710,BIRON,sarchwell,bsarchwelljp@whitehouse.gov,M,BIRON sarchwell
711,SANDRA,mcgrady,smcgradyjq@angelfire.com,F,SANDRA mcgrady
712,LEONERD,sisneros,lsisnerosjr@tiny.cc,M,LEONERD sisneros
713,HERCULIE,canto,hcantojs@ucoz.ru,M,HERCULIE canto
714,HILLIER,keilloh,hkeillohjt@devhub.com,M,HILLIER keilloh
715,EARLIE,lockier,elockierju@japanpost.jp,M,EARLIE lockier
716,MATTHIAS,haswell,mhaswelljv@ezinearticles.com,M,MATTHIAS haswell
717,ADLER,rosengart,arosengartjw@hibu.com,M,ADLER rosengart
718,DEVINA,sievewright,dsievewrightjx@mail.ru,F,DEVINA sievewright
719,ISIDORE,wathan,iwathanjy@soup.io,M,ISIDORE wathan
720,JANIS,weafer,jweaferjz@tamu.edu,F,JANIS weafer
721,ERICK,spirit,espiritk0@1und1.de,M,ERICK spirit
722,JESSY,domb,jdombk1@yellowpages.com,F,JESSY domb
723,ZELDA,shipcott,zshipcottk2@ox.ac.uk,F,ZELDA shipcott
724,ORRAN,nudds,onuddsk3@ucsd.edu,M,ORRAN nudds
725,ALLISTER,polino,apolinok4@histats.com,M,ALLISTER polino
726,MARNIA,goublier,mgoublierk5@pbs.org,F,MARNIA goublier
727,ROSY,hawkey,rhawkeyk6@economist.com,F,ROSY hawkey
728,DILLIE,whitlock,dwhitlockk7@nature.com,M,DILLIE whitlock
729,HANK,walkowski,hwalkowskik8@accuweather.com,M,HANK walkowski
730,AERIELA,donohoe,adonohoek9@cnn.com,F,AERIELA donohoe
731,ESSA,heare,eheareka@elpais.com,F,ESSA heare
732,GABBIE,jirus,gjiruskb@princeton.edu,M,GABBIE jirus
733,LUELLA,kleinholz,lkleinholzkc@shinystat.com,F,LUELLA kleinholz
734,RICCARDO,cadden,rcaddenkd@pen.io,M,RICCARDO cadden
735,EDE,ranger,erangerke@about.me,F,EDE ranger
736,CHEREY,sercombe,csercombekf@msn.com,F,CHEREY sercombe
737,KILLIAN,lambertz,klambertzkg@goodreads.com,M,KILLIAN lambertz
738,HARRIOT,vasilov,hvasilovkh@japanpost.jp,F,HARRIOT vasilov
739,LYNSEY,mcrobert,lmcrobertki@soundcloud.com,F,LYNSEY mcrobert
740,DERBY,witul,dwitulkj@webnode.com,M,DERBY witul
741,FIN,mcneice,fmcneicekk@clickbank.net,M,FIN mcneice
742,KATHERINA,gudahy,kgudahykl@princeton.edu,F,KATHERINA gudahy
743,MEHETABEL,kenningham,mkenninghamkm@flavors.me,F,MEHETABEL kenningham
744,KER,eagleston,keaglestonkn@princeton.edu,M,KER eagleston
745,HANSON,buffy,hbuffyko@npr.org,M,HANSON buffy
746,BOYCE,younghusband,byounghusbandkp@nytimes.com,M,BOYCE younghusband
747,MARTYN,danes,mdaneskq@biblegateway.com,M,MARTYN danes
748,HECTOR,demcak,hdemcakkr@about.me,M,HECTOR demcak
749,JENNETTE,audenis,jaudenisks@51.la,F,JENNETTE audenis
750,LOREN,baddeley,lbaddeleykt@typepad.com,F,LOREN baddeley
751,OLIVIER,alentyev,oalentyevku@smh.com.au,M,OLIVIER alentyev
752,JEHU,hafner,jhafnerkv@canalblog.com,M,JEHU hafner
753,BOBINETTE,shaddock,bshaddockkw@fema.gov,F,BOBINETTE shaddock
754,CASPAR,tritten,ctrittenkx@mit.edu,M,CASPAR tritten
755,GERALDINE,bamsey,gbamseyky@google.pl,F,GERALDINE bamsey
756,CAZZIE,lowsely,clowselykz@tripod.com,M,CAZZIE lowsely
757,TEDD,peschke,tpeschkel0@time.com,M,TEDD peschke
758,ESSA,hembrow,ehembrowl1@vkontakte.ru,F,ESSA hembrow
759,BOGEY,hubbuck,bhubbuckl2@fema.gov,M,BOGEY hubbuck
760,JETHRO,ruggieri,jruggieril3@wisc.edu,M,JETHRO ruggieri
761,JOSEE,dawton,jdawtonl4@tinypic.com,F,JOSEE dawton
762,DUNC,january1st,djanuarystl5@xing.com,M,DUNC january1st
763,ADO,bradtke,abradtkel6@slashdot.org,M,ADO bradtke
764,RANDY,rumke,rrumkel7@webs.com,F,RANDY rumke
765,HAILY,soreau,hsoreaul8@webmd.com,M,HAILY soreau
766,STORM,brear,sbrearl9@nba.com,F,STORM brear
767,MARCIE,kix,mkixla@usgs.gov,F,MARCIE kix
768,CORRINE,chantillon,cchantillonlb@sakura.ne.jp,F,CORRINE chantillon
769,FIFI,burchett,fburchettlc@techcrunch.com,F,FIFI burchett
770,KENDALL,haulkham,khaulkhamld@businessweek.com,M,KENDALL haulkham
771,WELCH,papen,wpapenle@soup.io,M,WELCH papen
772,MARCI,ottiwill,mottiwilllf@barnesandnoble.com,F,MARCI ottiwill
773,LANNIE,beyne,lbeynelg@flavors.me,M,LANNIE beyne
774,LESTER,pottiphar,lpottipharlh@house.gov,M,LESTER pottiphar
775,ESTELLE,couche,ecoucheli@wix.com,F,ESTELLE couche
776,MEGEN,hazard,mhazardlj@vimeo.com,F,MEGEN hazard
777,GERMAIN,filby,gfilbylk@free.fr,M,GERMAIN filby
778,AVICTOR,kaplin,akaplinll@yellowbook.com,M,AVICTOR kaplin
779,ETHELIND,naptine,enaptinelm@bigcartel.com,F,ETHELIND naptine
780,TONY,elijahu,telijahuln@de.vu,M,TONY elijahu
781,TALLY,leveret,tleveretlo@spiegel.de,M,TALLY leveret
782,WANDIE,suthworth,wsuthworthlp@thetimes.co.uk,F,WANDIE suthworth
783,LUCIENNE,brothwell,lbrothwelllq@devhub.com,F,LUCIENNE brothwell
784,MERIDITH,andreone,mandreonelr@webeden.co.uk,F,MERIDITH andreone
785,NICKOLAI,cromarty,ncromartyls@seattletimes.com,M,NICKOLAI cromarty
786,TULLEY,larrie,tlarrielt@theguardian.com,M,TULLEY larrie
787,CLARETA,turbill,cturbilllu@sciencedirect.com,F,CLARETA turbill
788,CHERILYNN,jeavons,cjeavonslv@weebly.com,F,CHERILYNN jeavons
789,XYLIA,muzzini,xmuzzinilw@columbia.edu,F,XYLIA muzzini
790,CHER,hulatt,chulattlx@alibaba.com,F,CHER hulatt
791,LISABETH,mattussevich,lmattussevichly@altervista.org,F,LISABETH mattussevich
792,BRYNN,macmaykin,bmacmaykinlz@vistaprint.com,F,BRYNN macmaykin
793,AUSTEN,wybrow,awybrowm0@hp.com,M,AUSTEN wybrow
794,REBE,arnott,rarnottm1@flavors.me,F,REBE arnott
795,DEREK,elcoate,delcoatem2@google.com.br,M,DEREK elcoate
796,DEVAN,akroyd,dakroydm3@ucla.edu,F,DEVAN akroyd
797,ALBERIK,garnsey,agarnseym4@facebook.com,M,ALBERIK garnsey
798,CURRY,kale,ckalem5@gravatar.com,M,CURRY kale
799,IRMA,coburn,icoburnm6@ca.gov,F,IRMA coburn
800,KIRBEE,josephsen,kjosephsenm7@github.com,F,KIRBEE josephsen
801,DEVON,tichelaar,dtichelaarm8@china.com.cn,F,DEVON tichelaar
802,WALKER,klimczak,wklimczakm9@chron.com,M,WALKER klimczak
803,BRITTNEY,tucknott,btucknottma@chicagotribune.com,F,BRITTNEY tucknott
804,ILSA,paolino,ipaolinomb@bing.com,F,ILSA paolino
805,ROMY,southwick,rsouthwickmc@ifeng.com,F,ROMY southwick
806,FREDRIKA,vaadeland,fvaadelandmd@ovh.net,F,FREDRIKA vaadeland
807,GUENEVERE,copnar,gcopnarme@de.vu,F,GUENEVERE copnar
808,EMANUEL,sorey,esoreymf@goodreads.com,M,EMANUEL sorey
809,CALLA,antoszewski,cantoszewskimg@symantec.com,F,CALLA antoszewski
810,CRISTI,exeter,cexetermh@istockphoto.com,F,CRISTI exeter
811,IRVING,downs,idownsmi@networkadvertising.org,M,IRVING downs
812,GAULTIERO,zuann,gzuannmj@gravatar.com,M,GAULTIERO zuann
813,KASPER,shone,kshonemk@ucoz.com,M,KASPER shone
814,MARISSA,schubart,mschubartml@seesaa.net,F,MARISSA schubart
815,ARTEMAS,jerrold,ajerroldmm@bravesites.com,M,ARTEMAS jerrold
816,ELISABETTA,scougall,escougallmn@examiner.com,F,ELISABETTA scougall
817,ISIS,cawston,icawstonmo@bigcartel.com,F,ISIS cawston
818,ARNOLD,gartin,agartinmp@twitter.com,M,ARNOLD gartin
819,WAT,cowlishaw,wcowlishawmq@samsung.com,M,WAT cowlishaw
820,CARI,vane,cvanemr@blinklist.com,F,CARI vane
821,AGNETA,duligall,aduligallms@howstuffworks.com,F,AGNETA duligall
822,DULCINEA,wollard,dwollardmt@storify.com,F,DULCINEA wollard
823,HUMPHREY,dikes,hdikesmu@epa.gov,M,HUMPHREY dikes
824,KALLE,alflatt,kalflattmv@ustream.tv,M,KALLE alflatt
825,BOOTH,youtead,byouteadmw@mozilla.com,M,BOOTH youtead
826,BRYANTY,grelak,bgrelakmx@de.vu,M,BRYANTY grelak
827,GISELE,smitherman,gsmithermanmy@illinois.edu,F,GISELE smitherman
828,PEPITO,coppens,pcoppensmz@independent.co.uk,M,PEPITO coppens
829,RUSS,briar,rbriarn0@ehow.com,M,RUSS briar
830,TOINETTE,morrell,tmorrelln1@tinyurl.com,F,TOINETTE morrell
831,LILLI,meins,lmeinsn2@stumbleupon.com,F,LILLI meins
832,AMERY,legrove,alegroven3@mashable.com,M,AMERY legrove
833,FREDERICH,goulborn,fgoulbornn4@japanpost.jp,M,FREDERICH goulborn
834,LINN,schulze,lschulzen5@linkedin.com,F,LINN schulze
835,KORI,ocloney,kocloneyn6@prnewswire.com,F,KORI ocloney
836,EMMANUEL,argont,eargontn7@sciencedirect.com,M,EMMANUEL argont
837,DAV,orman,dormann8@ebay.co.uk,M,DAV orman
838,RANCE,borleace,rborleacen9@tmall.com,M,RANCE borleace
839,LORRY,eyers,leyersna@opera.com,M,LORRY eyers
840,ROSEMARY,petriello,rpetriellonb@blog.com,F,ROSEMARY petriello
841,ENRIQUE,clinton,eclintonnc@soup.io,M,ENRIQUE clinton
842,CULLEY,mcinally,cmcinallynd@opera.com,M,CULLEY mcinally
843,RAFFAELLO,sheed,rsheedne@hibu.com,M,RAFFAELLO sheed
844,FEDERICO,budd,fbuddnf@ucsd.edu,M,FEDERICO budd
845,JENNI,nelthorpe,jnelthorpeng@mysql.com,F,JENNI nelthorpe
846,CONCHITA,jaspar,cjasparnh@scientificamerican.com,F,CONCHITA jaspar
847,DARBY,haily,dhailyni@wikipedia.org,M,DARBY haily
848,BRIAN,hesser,bhessernj@techcrunch.com,M,BRIAN hesser
849,ZEBULEN,quincey,zquinceynk@prweb.com,M,ZEBULEN quincey
850,REINALD,bulley,rbulleynl@washingtonpost.com,M,REINALD bulley
851,EBERHARD,vasilechko,evasilechkonm@cnet.com,M,EBERHARD vasilechko
852,LOU,osgorby,losgorbynn@zdnet.com,M,LOU osgorby
853,AUGY,choupin,achoupinno@dropbox.com,M,AUGY choupin
854,MASSIMO,battram,mbattramnp@reverbnation.com,M,MASSIMO battram
855,GERTRUD,mactague,gmactaguenq@sourceforge.net,F,GERTRUD mactague
856,SHAYNE,feehily,sfeehilynr@edublogs.org,M,SHAYNE feehily
857,NIVEN,bessett,nbessettns@yale.edu,M,NIVEN bessett
858,LANGSTON,berndtsson,lberndtssonnt@dmoz.org,M,LANGSTON berndtsson
859,ONFRE,iacovone,oiacovonenu@last.fm,M,ONFRE iacovone
860,HERVE,lowten,hlowtennv@sina.com.cn,M,HERVE lowten
861,DRU,sepey,dsepeynw@europa.eu,M,DRU sepey
862,ANJELA,gundry,agundrynx@people.com.cn,F,ANJELA gundry
863,KAREL,nutbeem,knutbeemny@geocities.jp,M,KAREL nutbeem
864,MILTY,chipchase,mchipchasenz@delicious.com,M,MILTY chipchase
865,MEGGIE,dibble,mdibbleo0@sitemeter.com,F,MEGGIE dibble
866,ARIELA,avrahamoff,aavrahamoffo1@tinyurl.com,F,ARIELA avrahamoff
867,GILLY,montier,gmontiero2@mapy.cz,F,GILLY montier
868,ETHELIN,denyagin,edenyagino3@ifeng.com,F,ETHELIN denyagin
869,LEANN,warwicker,lwarwickero4@abc.net.au,F,LEANN warwicker
870,LETHIA,jonson,ljonsono5@whitehouse.gov,F,LETHIA jonson
871,VINNIE,humberstone,vhumberstoneo6@pagesperso-orange.fr,M,VINNIE humberstone
872,MEIR,esmonde,mesmondeo7@bloglines.com,M,MEIR esmonde
873,KAMILA,gunda,kgundao8@bbb.org,F,KAMILA gunda
874,LANCELOT,hardaker,lhardakero9@phoca.cz,M,LANCELOT hardaker
875,LUCIANO,bourdis,lbourdisoa@goo.ne.jp,M,LUCIANO bourdis
876,IGNAZ,reiners,ireinersob@chronoengine.com,M,IGNAZ reiners
877,AUGIE,bartoszewski,abartoszewskioc@engadget.com,M,AUGIE bartoszewski
878,MADDIE,gudgeon,mgudgeonod@list-manage.com,M,MADDIE gudgeon
879,PASQUALE,simakov,psimakovoe@prweb.com,M,PASQUALE simakov
880,ETTI,torricina,etorricinaof@fotki.com,F,ETTI torricina
881,MOINA,halsall,mhalsallog@123-reg.co.uk,F,MOINA halsall
882,ARIELA,blaby,ablabyoh@admin.ch,F,ARIELA blaby
883,HAILEE,reboulet,hrebouletoi@wunderground.com,F,HAILEE reboulet
884,PRENTICE,gravells,pgravellsoj@paginegialle.it,M,PRENTICE gravells
885,SCOTTI,dymick,sdymickok@mit.edu,M,SCOTTI dymick
886,CRIS,nicholes,cnicholesol@sakura.ne.jp,F,CRIS nicholes
887,MAR,ashling,mashlingom@yandex.ru,M,MAR ashling
888,BRANDY,fernier,bfernieron@miibeian.gov.cn,F,BRANDY fernier
889,AYN,schulze,aschulzeoo@wp.com,F,AYN schulze
890,ROBINETTE,rain,rrainop@prlog.org,F,ROBINETTE rain
891,REINE,athey,ratheyoq@nps.gov,F,REINE athey
892,STACY,morgen,smorgenor@shop-pro.jp,F,STACY morgen
893,MAEGAN,syseland,msyselandos@google.co.uk,F,MAEGAN syseland
894,RENARD,ocorren,rocorrenot@hibu.com,M,RENARD ocorren
895,ALYSS,ollet,aolletou@wiley.com,F,ALYSS ollet
896,SPIKE,pitney,spitneyov@stumbleupon.com,M,SPIKE pitney
897,DOLORITAS,fritschel,dfritschelow@nydailynews.com,F,DOLORITAS fritschel
898,DONN,gladwin,dgladwinox@parallels.com,M,DONN gladwin
899,NOLLIE,trobridge,ntrobridgeoy@spiegel.de,M,NOLLIE trobridge
900,KIRSTI,ruffell,kruffelloz@scribd.com,F,KIRSTI ruffell
901,BROOKE,cuxson,bcuxsonp0@vimeo.com,F,BROOKE cuxson
902,LLEWELLYN,mcairt,lmcairtp1@dedecms.com,M,LLEWELLYN mcairt
903,GUNTAR,deare,gdearep2@drupal.org,M,GUNTAR deare
904,CARSON,coppo,ccoppop3@icio.us,M,CARSON coppo
905,LAURICE,sturman,lsturmanp4@prnewswire.com,F,LAURICE sturman
906,GANNIE,benwell,gbenwellp5@hibu.com,M,GANNIE benwell
907,DORTHEA,jiran,djiranp6@nps.gov,F,DORTHEA jiran
908,NICOLINE,polsin,npolsinp7@taobao.com,F,NICOLINE polsin
909,HAYLEY,hempshall,hhempshallp8@dedecms.com,F,HAYLEY hempshall
910,GIFFORD,lawlie,glawliep9@soundcloud.com,M,GIFFORD lawlie
911,BRIEN,milward,bmilwardpa@marketwatch.com,M,BRIEN milward
912,ALUINO,foulstone,afoulstonepb@npr.org,M,ALUINO foulstone
913,BUNNI,shelford,bshelfordpc@newyorker.com,F,BUNNI shelford
914,BARTHOLOMEW,velte,bveltepd@surveymonkey.com,M,BARTHOLOMEW velte
915,MORGANICA,mcmennum,mmcmennumpe@sciencedirect.com,F,MORGANICA mcmennum
916,NOLIE,keunemann,nkeunemannpf@netscape.com,F,NOLIE keunemann
917,JILL,sparry,jsparrypg@arstechnica.com,F,JILL sparry
918,TERRELL,gerardot,tgerardotph@chron.com,M,TERRELL gerardot
919,DORINE,kynd,dkyndpi@google.pl,F,DORINE kynd
920,DASYA,bunstone,dbunstonepj@google.fr,F,DASYA bunstone
921,CRISTABEL,cowburn,ccowburnpk@indiegogo.com,F,CRISTABEL cowburn
922,CAD,jollie,cjolliepl@gravatar.com,M,CAD jollie
923,FELICDAD,dammarell,fdammarellpm@livejournal.com,F,FELICDAD dammarell
924,LAURENCE,pendrey,lpendreypn@wunderground.com,M,LAURENCE pendrey
925,ELKE,bulbeck,ebulbeckpo@mozilla.org,F,ELKE bulbeck
926,WESTLEIGH,pettendrich,wpettendrichpp@kickstarter.com,M,WESTLEIGH pettendrich
927,CALVIN,grishechkin,cgrishechkinpq@samsung.com,M,CALVIN grishechkin
928,REBEKAH,burchett,rburchettpr@ibm.com,F,REBEKAH burchett
929,KRISTINA,maccrachen,kmaccrachenps@flickr.com,F,KRISTINA maccrachen
930,YETTIE,mathes,ymathespt@mapquest.com,F,YETTIE mathes
931,KALVIN,scotti,kscottipu@netscape.com,M,KALVIN scotti
932,RIANE,mccrillis,rmccrillispv@weather.com,F,RIANE mccrillis
933,CAMALA,barthropp,cbarthropppw@hugedomains.com,F,CAMALA barthropp
934,JOHNATHON,wandrack,jwandrackpx@house.gov,M,JOHNATHON wandrack
935,SALEM,penkethman,spenkethmanpy@ezinearticles.com,M,SALEM penkethman
936,MATTIAS,rennles,mrennlespz@github.com,M,MATTIAS rennles
937,KATHY,bercevelo,kberceveloq0@xrea.com,F,KATHY bercevelo
938,AVIGDOR,dedmam,adedmamq1@last.fm,M,AVIGDOR dedmam
939,ULRIC,macginney,umacginneyq2@1688.com,M,ULRIC macginney
940,HOLLYANNE,ebbing,hebbingq3@printfriendly.com,F,HOLLYANNE ebbing
941,MIGUELA,kisting,mkistingq4@ebay.com,F,MIGUELA kisting
942,BONDY,orred,borredq5@geocities.com,M,BONDY orred
943,CONSTANTINA,mckeran,cmckeranq6@kickstarter.com,F,CONSTANTINA mckeran
944,PAVLA,egar,pegarq7@cisco.com,F,PAVLA egar
945,CYNTHEA,timby,ctimbyq8@earthlink.net,F,CYNTHEA timby
946,EWAN,crunden,ecrundenq9@forbes.com,M,EWAN crunden
947,MEARA,baroche,mbarocheqa@howstuffworks.com,F,MEARA baroche
948,AVERIL,ponsford,aponsfordqb@sfgate.com,F,AVERIL ponsford
949,ELFREDA,threader,ethreaderqc@army.mil,F,ELFREDA threader
950,GERTRUDA,jahnel,gjahnelqd@theguardian.com,F,GERTRUDA jahnel
951,WENDELL,porson,wporsonqe@blogspot.com,M,WENDELL porson
952,KESLIE,puddephatt,kpuddephattqf@slideshare.net,F,KESLIE puddephatt
953,GARVY,dwane,gdwaneqg@sbwire.com,M,GARVY dwane
954,RIP,bottrill,rbottrillqh@shinystat.com,M,RIP bottrill
955,TARRAH,regan,treganqi@vimeo.com,F,TARRAH regan
956,MERCY,machans,mmachansqj@soup.io,F,MERCY machans
957,MATTHIEU,mechi,mmechiqk@thetimes.co.uk,M,MATTHIEU mechi
958,BUCKIE,kabos,bkabosql@latimes.com,M,BUCKIE kabos
959,HARLENE,schooling,hschoolingqm@weibo.com,F,HARLENE schooling
960,TREFOR,pashan,tpashanqn@diigo.com,M,TREFOR pashan
961,KONRAD,landeg,klandegqo@issuu.com,M,KONRAD landeg
962,ORA,merwede,omerwedeqp@cmu.edu,F,ORA merwede
963,ARVIN,sambles,asamblesqq@example.com,M,ARVIN sambles
964,DENNY,slatford,dslatfordqr@elegantthemes.com,F,DENNY slatford
965,LEIGHA,dix,ldixqs@ed.gov,F,LEIGHA dix
966,RENADO,merwood,rmerwoodqt@blinklist.com,M,RENADO merwood
967,NICKI,witchell,nwitchellqu@princeton.edu,F,NICKI witchell
968,STANLEIGH,mcreedy,smcreedyqv@furl.net,M,STANLEIGH mcreedy
969,MORLY,oldale,moldaleqw@homestead.com,M,MORLY oldale
970,CHRISTALLE,ohoey,cohoeyqx@yandex.ru,F,CHRISTALLE ohoey
971,YEVETTE,bernardotte,ybernardotteqy@instagram.com,F,YEVETTE bernardotte
972,SABINE,allen,sallenqz@cornell.edu,F,SABINE allen
973,KARIOTTA,langfitt,klangfittr0@uiuc.edu,F,KARIOTTA langfitt
974,MISSIE,wookey,mwookeyr1@home.pl,F,MISSIE wookey
975,HILLARY,itzcovich,hitzcovichr2@ovh.net,M,HILLARY itzcovich
976,DOLF,turnbull,dturnbullr3@hostgator.com,M,DOLF turnbull
977,GRACIE,wevell,gwevellr4@jimdo.com,F,GRACIE wevell
978,VAUGHN,childs,vchildsr5@youku.com,M,VAUGHN childs
979,WAIN,hugin,whuginr6@dedecms.com,M,WAIN hugin
980,CARLENE,longhorne,clonghorner7@time.com,F,CARLENE longhorne
981,DALLAS,callacher,dcallacherr8@hao123.com,M,DALLAS callacher
982,ARLETTE,durdle,adurdler9@nature.com,F,ARLETTE durdle
983,INGAMAR,jarrette,ijarrettera@biblegateway.com,M,INGAMAR jarrette
984,NICKO,garter,ngarterrb@addthis.com,M,NICKO garter
985,TREVER,dorie,tdorierc@tripod.com,M,TREVER dorie
986,KATHERINA,klulik,kklulikrd@bluehost.com,F,KATHERINA klulik
987,ADOREE,langsbury,alangsburyre@webs.com,F,ADOREE langsbury
988,VIVI,varga,vvargarf@un.org,F,VIVI varga
989,AMALITA,osculley,aosculleyrg@odnoklassniki.ru,F,AMALITA osculley
990,MOREY,jouannin,mjouanninrh@timesonline.co.uk,M,MOREY jouannin
991,PUTNAM,elbourn,pelbournri@baidu.com,M,PUTNAM elbourn
992,HAGAN,jeannequin,hjeannequinrj@jimdo.com,M,HAGAN jeannequin
993,FORRESTER,pawlett,fpawlettrk@youku.com,M,FORRESTER pawlett
994,LORA,sproul,lsproulrl@ning.com,F,LORA sproul
995,GAYLE,child,gchildrm@hud.gov,M,GAYLE child
996,MARGERY,decoursey,mdecourseyrn@walmart.com,F,MARGERY decoursey
997,ALDUS,gorden,agordenro@g.co,M,ALDUS gorden
998,HOWIE,lucas,hlucasrp@dropbox.com,M,HOWIE lucas
999,ORAZIO,rosling,oroslingrq@redcross.org,M,ORAZIO rosling
1000,SHERM,maccallester,smaccallesterrr@hp.com,M,SHERM maccallester
