"first_name","last_name","email","gender","country"
"Ashleigh","Whellans","awhellans0@linkedin.com","Bigender","Vietnam"
"Norton","Rantoull","nrantoull1@prnewswire.com","Female","Philippines"
"Uri","Spreull","uspreull2@bbb.org","Bigender","Russia"
"Yorker","Madgin","ymadgin3@nature.com","Female","Philippines"
"Irvin","Wignall","iwignall4@boston.com","Male","Tunisia"
"Pearce","Kochl","pkochl5@cdbaby.com","Polygender","Greece"
"Kariotta","Bauduccio","kbauduccio6@slideshare.net","Male","China"
"Callie","Cowpland","ccowpland7@google.it","Male","Philippines"
"Jacinta","Tuckie","jtuckie8@adobe.com","Genderfluid","China"
"Chloette","Frangello","cfrangello9@live.com","Non-binary","Indonesia"
"Levon","Tarbert","ltarberta@odnoklassniki.ru","Male","Philippines"
"Morgan","Dormer","mdormerb@buzzfeed.com","Male","Thailand"
"Farlee","Alexsandrev","falexsandrevc@chicagotribune.com","Female","Indonesia"
"Gilligan","Dowdam","gdowdamd@ustream.tv","Non-binary","Russia"
"Vivianne","Maskrey","vmaskreye@unicef.org","Male","Philippines"
"Dennison","Gibbs","dgibbsf@discuz.net","Genderfluid","South Africa"
"Shelton","Feldklein","sfeldkleing@photobucket.com","Non-binary","Libya"
"Corby","Cawkill","ccawkillh@digg.com","Genderqueer","Russia"
"Angil","Effaunt","aeffaunti@360.cn","Agender","China"
"Perkin","Harman","pharmanj@google.com","Genderfluid","China"
"Ardith","Drowsfield","adrowsfieldk@smugmug.com","Bigender","Philippines"
"Rex","Ummfrey","rummfreyl@bloglines.com","Agender","Philippines"
"Alina","Reeme","areemem@g.co","Genderfluid","Serbia"
"Berty","Orvis","borvisn@google.com.hk","Non-binary","Russia"
"Luz","Baumert","lbaumerto@apple.com","Bigender","China"
"Lazar","Gilmartin","lgilmartinp@gizmodo.com","Genderfluid","Thailand"
"Penrod","Galway","pgalwayq@nymag.com","Polygender","Philippines"
"Delmor","Braithwait","dbraithwaitr@auda.org.au","Genderfluid","China"
"Mord","Bowering","mbowerings@deliciousdays.com","Female","Russia"
"Ev","Gerran","egerrant@psu.edu","Genderqueer","China"
"Chantal","Pengilley","cpengilleyu@jimdo.com","Genderqueer","Morocco"
"Marijn","Jerromes","mjerromesv@dailymail.co.uk","Genderqueer","China"
"Minor","Aberdalgy","maberdalgyw@sbwire.com","Polygender","Peru"
"Crosby","Yanyushkin","cyanyushkinx@friendfeed.com","Bigender","Indonesia"
"Paul","Ridde","priddey@berkeley.edu","Bigender","United States"
"Shauna","Smurfit","ssmurfitz@house.gov","Polygender","Peru"
"Norbie","Oldnall","noldnall10@hp.com","Bigender","Sweden"
"Zandra","Issakov","zissakov11@cafepress.com","Bigender","Pakistan"
"Brunhilde","McLaine","bmclaine12@ebay.co.uk","Polygender","Russia"
"Quentin","Heak","qheak13@skyrock.com","Genderfluid","China"
"Lea","Mavin","lmavin14@hp.com","Bigender","Nigeria"
"Brion","Dahlgren","bdahlgren15@pinterest.com","Polygender","Poland"
"Ericha","Celiz","eceliz16@taobao.com","Female","Canada"
"Martelle","Davidsen","mdavidsen17@wufoo.com","Female","Thailand"
"Margery","Chang","mchang18@t.co","Male","Nicaragua"
"Wendye","Crosetti","wcrosetti19@state.gov","Non-binary","Philippines"
"Beverly","Mitcham","bmitcham1a@ca.gov","Genderfluid","Kazakhstan"
"Carmel","Izard","cizard1b@latimes.com","Agender","Czech Republic"
"Kiele","Jakel","kjakel1c@cdbaby.com","Genderqueer","Portugal"
"Jacky","Sterke","jsterke1d@xinhuanet.com","Male","Ukraine"
"Marena","Childerhouse","mchilderhouse1e@reuters.com","Non-binary","China"
"Galen","Stimpson","gstimpson1f@privacy.gov.au","Female","Japan"
"Beatrix","Woolforde","bwoolforde1g@marketwatch.com","Polygender","China"
"Wilhelm","Ollcott","wollcott1h@arstechnica.com","Female","Afghanistan"
"Dorolice","Simonitto","dsimonitto1i@engadget.com","Genderqueer","Czech Republic"
"Thain","Eykelhof","teykelhof1j@free.fr","Male","China"
"Phyllis","Impy","pimpy1k@tripadvisor.com","Female","Thailand"
"Orland","Mattheis","omattheis1l@wufoo.com","Non-binary","Russia"
"Moise","Bonus","mbonus1m@biblegateway.com","Non-binary","Indonesia"
"Audrye","Solomon","asolomon1n@wp.com","Female","Argentina"
"Papagena","Joyson","pjoyson1o@mail.ru","Non-binary","France"
"Latisha","Hegg","lhegg1p@about.me","Non-binary","Portugal"
"Norrie","Conner","nconner1q@xing.com","Genderqueer","United States"
"Mario","Bricknell","mbricknell1r@ow.ly","Genderfluid","Peru"
"Arielle","Hars","ahars1s@aol.com","Non-binary","Poland"
"Melanie","Scoates","mscoates1t@topsy.com","Genderqueer","Slovenia"
"Amalie","Cauldfield","acauldfield1u@telegraph.co.uk","Female","Argentina"
"Revkah","Dicks","rdicks1v@artisteer.com","Male","Russia"
"Larry","McJury","lmcjury1w@reverbnation.com","Genderqueer","Brazil"
"Maurise","Wherton","mwherton1x@aol.com","Genderqueer","Bosnia and Herzegovina"
"Harv","Carse","hcarse1y@mac.com","Genderfluid","Bosnia and Herzegovina"
"Hall","Wheater","hwheater1z@wikimedia.org","Female","Portugal"
"Joela","Ebbing","jebbing20@amazon.co.jp","Polygender","Malaysia"
"Coleman","Foulsham","cfoulsham21@huffingtonpost.com","Agender","Namibia"
"Alfonso","Rielly","arielly22@clickbank.net","Polygender","Philippines"
"Talbert","Turmell","tturmell23@cloudflare.com","Genderqueer","China"
"Derek","Hobble","dhobble24@tripadvisor.com","Genderqueer","Indonesia"
"Ilyssa","Inder","iinder25@nature.com","Agender","Portugal"
"Monti","Juara","mjuara26@fc2.com","Genderfluid","Russia"
"Frederico","Garrood","fgarrood27@omniture.com","Polygender","Poland"
"Codi","Sottell","csottell28@indiatimes.com","Bigender","Ukraine"
"Leonidas","Musterd","lmusterd29@discuz.net","Female","Greece"
"Madelon","Keune","mkeune2a@msu.edu","Agender","Brazil"
"Loralie","Brislan","lbrislan2b@cornell.edu","Genderqueer","China"
"Brear","Fowlie","bfowlie2c@china.com.cn","Female","Chile"
"Kaycee","Figliovanni","kfigliovanni2d@zimbio.com","Male","Afghanistan"
"Willamina","Newlove","wnewlove2e@elpais.com","Female","El Salvador"
"Carlynne","Mathie","cmathie2f@economist.com","Genderqueer","Indonesia"
"Jaquenette","Fosberry","jfosberry2g@baidu.com","Polygender","China"
"Hayden","Osgarby","hosgarby2h@youtu.be","Non-binary","Portugal"
"Marcello","Desaur","mdesaur2i@senate.gov","Bigender","Ukraine"
"Norean","Applin","napplin2j@sourceforge.net","Bigender","China"
"Gaby","Hancock","ghancock2k@creativecommons.org","Genderfluid","Canada"
"Sophronia","Liven","sliven2l@bloglines.com","Male","Poland"
"Nick","Lower","nlower2m@nature.com","Genderfluid","Greece"
"Jodie","Offield","joffield2n@arizona.edu","Non-binary","Peru"
"Ronnie","Romanetti","rromanetti2o@stanford.edu","Genderfluid","Japan"
"Reube","Corneliussen","rcorneliussen2p@deviantart.com","Female","Indonesia"
"Koressa","Gogerty","kgogerty2q@craigslist.org","Polygender","Liberia"
"Guillaume","Beel","gbeel2r@yelp.com","Male","Indonesia"
"Robby","Nurcombe","rnurcombe2s@bluehost.com","Agender","Indonesia"
"Bunny","Christauffour","bchristauffour2t@stanford.edu","Non-binary","Azerbaijan"
"Victoir","Newman","vnewman2u@paypal.com","Female","Bosnia and Herzegovina"
"Lazarus","Schorah","lschorah2v@youku.com","Genderfluid","Indonesia"
"Matty","Conen","mconen2w@blog.com","Non-binary","United States"
"Perl","Jehu","pjehu2x@creativecommons.org","Genderqueer","Indonesia"
"Harvey","Heckner","hheckner2y@wufoo.com","Genderqueer","Sweden"
"Ailbert","Huntley","ahuntley2z@live.com","Non-binary","Indonesia"
"Hank","Panas","hpanas30@webnode.com","Female","China"
"Humphrey","Meaders","hmeaders31@icio.us","Agender","Kazakhstan"
"Viva","Cracknall","vcracknall32@timesonline.co.uk","Bigender","Poland"
"Thor","Willans","twillans33@microsoft.com","Female","Russia"
"Kristien","Pitceathly","kpitceathly34@blogger.com","Agender","Brazil"
"Heath","Stickford","hstickford35@dedecms.com","Polygender","Sweden"
"Wilma","Brasted","wbrasted36@miibeian.gov.cn","Male","Ukraine"
"Weston","Sywell","wsywell37@lulu.com","Genderqueer","Indonesia"
"Clerkclaude","Caile","ccaile38@canalblog.com","Male","France"
"Silvester","Oldis","soldis39@icq.com","Bigender","Russia"
"Horatius","Wadeling","hwadeling3a@godaddy.com","Non-binary","United States"
"Rem","Surplice","rsurplice3b@webs.com","Female","Colombia"
"Chanda","Lawler","clawler3c@redcross.org","Polygender","United States"
"Gayel","Boult","gboult3d@berkeley.edu","Genderfluid","Norway"
"Cordelia","Northleigh","cnorthleigh3e@wikispaces.com","Bigender","Colombia"
"Thaxter","Axford","taxford3f@artisteer.com","Agender","Cuba"
"Miran","Barthorpe","mbarthorpe3g@theglobeandmail.com","Female","Bosnia and Herzegovina"
"Bernhard","Franklyn","bfranklyn3h@ustream.tv","Polygender","Canada"
"Eirena","Jaspar","ejaspar3i@bing.com","Female","Mongolia"
"Jemima","McCourtie","jmccourtie3j@google.ru","Non-binary","East Timor"
"Theo","Bierling","tbierling3k@booking.com","Male","Madagascar"
"Buddie","Gobeaux","bgobeaux3l@jugem.jp","Genderqueer","China"
"Gibbie","Betton","gbetton3m@people.com.cn","Genderfluid","Panama"
"Gabriel","Cumberland","gcumberland3n@bloomberg.com","Genderqueer","Indonesia"
"Ivory","Hiom","ihiom3o@cnbc.com","Polygender","Slovenia"
"Isahella","Berkowitz","iberkowitz3p@google.nl","Genderqueer","Italy"
"Constantine","Smurthwaite","csmurthwaite3q@dmoz.org","Non-binary","Greece"
"Salaidh","Covington","scovington3r@macromedia.com","Polygender","Brazil"
"Kellsie","Bunyan","kbunyan3s@ucoz.ru","Genderqueer","Benin"
"Bard","Monteaux","bmonteaux3t@aol.com","Polygender","Indonesia"
"Terrell","Pauler","tpauler3u@soup.io","Genderfluid","Egypt"
"Keefe","Kubas","kkubas3v@npr.org","Non-binary","China"
"Rockwell","Downs","rdowns3w@trellian.com","Genderfluid","Czech Republic"
"Egor","Rich","erich3x@instagram.com","Bigender","Ukraine"
"Konstanze","Cubbit","kcubbit3y@homestead.com","Polygender","Poland"
"Aeriell","Garshore","agarshore3z@privacy.gov.au","Male","Greece"
"Ugo","Leghorn","uleghorn40@springer.com","Polygender","Palau"
"Lemmie","Wanklin","lwanklin41@alibaba.com","Bigender","Dominican Republic"
"Jdavie","Edmott","jedmott42@linkedin.com","Agender","Colombia"
"Ede","Colum","ecolum43@vimeo.com","Male","France"
"Darrel","Keppie","dkeppie44@eventbrite.com","Female","Lithuania"
"Curr","Thormann","cthormann45@apache.org","Polygender","Sierra Leone"
"Franzen","Erni","ferni46@bloglovin.com","Agender","Portugal"
"Isak","Glowach","iglowach47@mapquest.com","Bigender","Philippines"
"Royal","Lapre","rlapre48@networksolutions.com","Polygender","Finland"
"Carlee","Ramelot","cramelot49@simplemachines.org","Polygender","Russia"
"Nat","Slowgrove","nslowgrove4a@cnn.com","Bigender","China"
"Arabelle","Klesse","aklesse4b@bloglovin.com","Female","Portugal"
"Tadd","Loxston","tloxston4c@umn.edu","Genderfluid","Netherlands"
"Clemence","Brinicombe","cbrinicombe4d@edublogs.org","Genderqueer","Togo"
"Eleanore","Prestney","eprestney4e@printfriendly.com","Female","Indonesia"
"Wilow","Rollins","wrollins4f@time.com","Female","Albania"
"Hanny","Wiburn","hwiburn4g@hibu.com","Genderfluid","China"
"Abbott","Sidsaff","asidsaff4h@friendfeed.com","Non-binary","France"
"Bourke","Moth","bmoth4i@cloudflare.com","Female","Indonesia"
"Ash","Onians","aonians4j@columbia.edu","Bigender","China"
"Shanta","Joskovitch","sjoskovitch4k@jimdo.com","Genderfluid","Indonesia"
"Corabelle","Gabbott","cgabbott4l@deviantart.com","Bigender","Azerbaijan"
"Pepito","Roughsedge","proughsedge4m@goodreads.com","Male","France"
"Kendre","Stoak","kstoak4n@google.pl","Genderfluid","Cyprus"
"Lemmie","Jeremiah","ljeremiah4o@census.gov","Non-binary","Portugal"
"Lona","Veillard","lveillard4p@netlog.com","Non-binary","China"
"Hillyer","Hasely","hhasely4q@vinaora.com","Non-binary","Brazil"
"Morganica","Pieters","mpieters4r@jimdo.com","Agender","Russia"
"Frasquito","Jina","fjina4s@nhs.uk","Female","Canada"
"Ryann","Zmitruk","rzmitruk4t@nhs.uk","Non-binary","Russia"
"Josepha","Camilleri","jcamilleri4u@csmonitor.com","Genderqueer","Palestinian Territory"
"Melisse","Bickerstasse","mbickerstasse4v@sun.com","Polygender","China"
"Cathlene","Rowsell","crowsell4w@omniture.com","Agender","United States"
"Corine","Lapish","clapish4x@issuu.com","Polygender","Thailand"
"Ingrim","Croxton","icroxton4y@usa.gov","Polygender","Canada"
"Agosto","Seleway","aseleway4z@disqus.com","Non-binary","China"
"Matty","Filippucci","mfilippucci50@google.co.jp","Genderqueer","Sweden"
"Lory","Woolland","lwoolland51@foxnews.com","Agender","China"
"Yule","de Aguirre","ydeaguirre52@npr.org","Female","Madagascar"
"Bertha","Rickard","brickard53@mashable.com","Male","China"
"Miner","Ianne","mianne54@discuz.net","Agender","Philippines"
"Violante","Jerome","vjerome55@lycos.com","Non-binary","Yemen"
"Stanislas","Souten","ssouten56@wordpress.org","Genderqueer","Colombia"
"Alene","Scinelli","ascinelli57@state.tx.us","Non-binary","El Salvador"
"Irv","Boaler","iboaler58@buzzfeed.com","Female","Indonesia"
"Rhody","Privett","rprivett59@tmall.com","Non-binary","Croatia"
"Jayson","Hearst","jhearst5a@etsy.com","Bigender","Brazil"
"Angel","Griniov","agriniov5b@umn.edu","Female","Brazil"
"Wandie","Novic","wnovic5c@jalbum.net","Agender","Kazakhstan"
"Gaby","Woodburne","gwoodburne5d@gnu.org","Female","Russia"
"Shamus","Laity","slaity5e@nasa.gov","Female","Norway"
"Frannie","Colbeck","fcolbeck5f@usatoday.com","Polygender","Indonesia"
"Nehemiah","Petrolli","npetrolli5g@ow.ly","Polygender","Portugal"
"Julian","Taillant","jtaillant5h@ucoz.ru","Genderfluid","Philippines"
"Rufus","Power","rpower5i@vimeo.com","Agender","Brazil"
"Bjorn","Goodwill","bgoodwill5j@symantec.com","Female","Japan"
"Nap","Ohrt","nohrt5k@cnn.com","Non-binary","Philippines"
"Correy","Bloxholm","cbloxholm5l@cornell.edu","Non-binary","Malta"
"Dick","Bowlesworth","dbowlesworth5m@gizmodo.com","Non-binary","Indonesia"
"Milissent","Cisar","mcisar5n@google.co.jp","Bigender","Brazil"
"Riannon","Crawford","rcrawford5o@webnode.com","Female","Nigeria"
"Inessa","Swan","iswan5p@bing.com","Genderqueer","Canada"
"Debor","Arch","darch5q@purevolume.com","Genderfluid","Russia"
"Cthrine","Venditto","cvenditto5r@deliciousdays.com","Polygender","Indonesia"
"Nari","Double","ndouble5s@europa.eu","Genderfluid","China"
"Edd","Dossetter","edossetter5t@paginegialle.it","Non-binary","Philippines"
"Bill","Naismith","bnaismith5u@vimeo.com","Female","South Korea"
"Zacherie","Beggio","zbeggio5v@jiathis.com","Male","Indonesia"
"Yolande","Bozworth","ybozworth5w@telegraph.co.uk","Genderfluid","Russia"
"Ignaz","Paslow","ipaslow5x@bing.com","Genderqueer","Indonesia"
"Lezlie","Stothert","lstothert5y@ft.com","Genderqueer","Vietnam"
"Ange","Mitchely","amitchely5z@clickbank.net","Agender","Thailand"
"Leisha","Navaro","lnavaro60@1688.com","Female","Poland"
"Rochelle","Callear","rcallear61@about.com","Agender","Colombia"
"Meagan","Gell","mgell62@angelfire.com","Genderqueer","Indonesia"
"Jocelyn","Strand","jstrand63@histats.com","Non-binary","China"
"Germayne","Arnauduc","garnauduc64@timesonline.co.uk","Male","Israel"
"Lionello","Berrington","lberrington65@msn.com","Bigender","China"
"Wilmer","Haythorn","whaythorn66@amazon.co.uk","Male","Japan"
"Cletis","Stobbie","cstobbie67@myspace.com","Polygender","China"
"Gwenora","Windress","gwindress68@salon.com","Polygender","Croatia"
"Willi","Farmar","wfarmar69@dagondesign.com","Non-binary","Philippines"
"Derward","Brodbin","dbrodbin6a@flavors.me","Polygender","Russia"
"Roderigo","Hawtin","rhawtin6b@indiegogo.com","Non-binary","Brazil"
"Holly-anne","Deans","hdeans6c@hud.gov","Agender","Mexico"
"Cordy","Itzcovich","citzcovich6d@google.co.jp","Female","Russia"
"Vidovic","Bilsford","vbilsford6e@behance.net","Genderqueer","China"
"Trenna","Fowler","tfowler6f@ftc.gov","Agender","Indonesia"
"Lena","Dobrowski","ldobrowski6g@feedburner.com","Female","Brazil"
"Gerhardine","Sandels","gsandels6h@geocities.com","Agender","China"
"Gherardo","McDell","gmcdell6i@goo.ne.jp","Non-binary","China"
"Skell","Fairbourn","sfairbourn6j@squarespace.com","Polygender","China"
"Florida","Ollerenshaw","follerenshaw6k@qq.com","Female","Indonesia"
"Fons","Tenney","ftenney6l@smugmug.com","Non-binary","Cape Verde"
"Codi","Hoodlass","choodlass6m@reddit.com","Male","China"
"Hamlin","Carriage","hcarriage6n@issuu.com","Agender","Philippines"
"Cosmo","Burkett","cburkett6o@liveinternet.ru","Female","Poland"
"Farlay","Skeen","fskeen6p@ning.com","Bigender","Indonesia"
"Chane","Elmhirst","celmhirst6q@odnoklassniki.ru","Female","Sweden"
"Dorree","Peacey","dpeacey6r@salon.com","Polygender","China"
"Deni","Brodbin","dbrodbin6s@nbcnews.com","Agender","Poland"
"Ardeen","Dallander","adallander6t@cnet.com","Genderfluid","Indonesia"
"Maximilian","Richter","mrichter6u@nasa.gov","Polygender","Peru"
"Ellwood","Eyckelbeck","eeyckelbeck6v@cocolog-nifty.com","Non-binary","Argentina"
"Cole","Halshaw","chalshaw6w@istockphoto.com","Non-binary","Nigeria"
"Brittaney","Scatchar","bscatchar6x@ed.gov","Genderqueer","Zimbabwe"
"Calhoun","Tiron","ctiron6y@dagondesign.com","Female","Belarus"
"Hyacinthia","Cantwell","hcantwell6z@jimdo.com","Genderqueer","Sweden"
"Wandis","Vaisey","wvaisey70@nationalgeographic.com","Agender","Brazil"
"Farlie","McNally","fmcnally71@prlog.org","Non-binary","Indonesia"
"Shelagh","Ortmann","sortmann72@mlb.com","Bigender","Ireland"
"Clint","Issit","cissit73@hp.com","Bigender","Colombia"
"Noll","Anslow","nanslow74@dot.gov","Agender","Russia"
"Camella","Bellwood","cbellwood75@seesaa.net","Non-binary","China"
"Carmen","Nowaczyk","cnowaczyk76@tripod.com","Male","China"
"Lezlie","Jore","ljore77@privacy.gov.au","Genderqueer","France"
"Dorotea","Elderkin","delderkin78@plala.or.jp","Bigender","China"
"Slade","Izakov","sizakov79@usgs.gov","Polygender","Russia"
"Arnoldo","Stoyle","astoyle7a@symantec.com","Polygender","Peru"
"Alwyn","Beesey","abeesey7b@topsy.com","Bigender","Czech Republic"
"Thurston","Eckley","teckley7c@diigo.com","Genderfluid","Portugal"
"Anetta","Slocombe","aslocombe7d@constantcontact.com","Non-binary","Indonesia"
"Cass","Markussen","cmarkussen7e@ihg.com","Female","Indonesia"
"Lucho","Fardy","lfardy7f@myspace.com","Bigender","China"
"Burk","Wooldridge","bwooldridge7g@ox.ac.uk","Bigender","Mali"
"Verna","Scudder","vscudder7h@mapquest.com","Non-binary","China"
"Vannie","Corradi","vcorradi7i@cam.ac.uk","Female","Sweden"
"Ronna","Helstrom","rhelstrom7j@about.me","Polygender","Indonesia"
"Francyne","Urquhart","furquhart7k@bigcartel.com","Agender","Colombia"
"Merle","Maha","mmaha7l@forbes.com","Non-binary","Russia"
"Jo","Wilmore","jwilmore7m@addthis.com","Genderqueer","Brazil"
"Rodrick","Kastel","rkastel7n@bloglovin.com","Genderqueer","Indonesia"
"Artus","Paniman","apaniman7o@dyndns.org","Female","China"
"Hilarius","Pentecust","hpentecust7p@mtv.com","Non-binary","Poland"
"Clementine","Jeandon","cjeandon7q@cocolog-nifty.com","Bigender","China"
"Marsha","Mabon","mmabon7r@theatlantic.com","Agender","Portugal"
"Culley","Winchcomb","cwinchcomb7s@xrea.com","Polygender","China"
"Joy","O'Giany","jogiany7t@ovh.net","Genderfluid","Argentina"
"Parke","Pudden","ppudden7u@bravesites.com","Genderqueer","Ukraine"
"Aloin","Goggin","agoggin7v@cpanel.net","Genderfluid","Finland"
"Martino","Bushaway","mbushaway7w@360.cn","Genderfluid","Tajikistan"
"Florencia","Nafziger","fnafziger7x@mediafire.com","Male","Philippines"
"Annamaria","Matitiaho","amatitiaho7y@freewebs.com","Male","Peru"
"Winfred","Hadeke","whadeke7z@patch.com","Female","Russia"
"Addie","Royson","aroyson80@ifeng.com","Genderfluid","Indonesia"
"Myrtie","Cleaver","mcleaver81@unesco.org","Non-binary","China"
"Trip","Burl","tburl82@spiegel.de","Non-binary","Japan"
"Akim","Crusham","acrusham83@cargocollective.com","Bigender","Armenia"
"Bobbye","Ethridge","bethridge84@privacy.gov.au","Genderfluid","Mexico"
"Kally","Lincey","klincey85@1688.com","Male","Pakistan"
"Meta","Duckitt","mduckitt86@twitpic.com","Female","Hungary"
"Carlye","Hyatt","chyatt87@ustream.tv","Male","Russia"
"Wenda","Harmstone","wharmstone88@census.gov","Genderfluid","Sweden"
"Nedda","Kondratyuk","nkondratyuk89@msu.edu","Male","Cameroon"
"Jasmin","Strawbridge","jstrawbridge8a@edublogs.org","Agender","Portugal"
"Odella","Abrahams","oabrahams8b@google.co.uk","Female","Albania"
"Mab","Gagin","mgagin8c@angelfire.com","Polygender","Italy"
"Nonie","Aubray","naubray8d@rediff.com","Non-binary","China"
"Raffaello","Oaks","roaks8e@yelp.com","Female","China"
"Corrie","Iltchev","ciltchev8f@webs.com","Non-binary","Peru"
"Rafe","Dunnion","rdunnion8g@parallels.com","Polygender","China"
"Alford","Hannaford","ahannaford8h@ihg.com","Genderqueer","Djibouti"
"Bessy","Cosgreave","bcosgreave8i@theglobeandmail.com","Non-binary","Indonesia"
"Bendite","Culross","bculross8j@yahoo.co.jp","Non-binary","China"
"Alisander","McBeth","amcbeth8k@army.mil","Male","Brazil"
"Jocelin","Frantsev","jfrantsev8l@ebay.com","Polygender","Colombia"
"Ceil","Schnitter","cschnitter8m@cmu.edu","Polygender","South Korea"
"Ameline","Stoter","astoter8n@paginegialle.it","Agender","Indonesia"
"Nat","Ruos","nruos8o@harvard.edu","Polygender","Brazil"
"Grantley","January 1st","gjanuaryst8p@deliciousdays.com","Polygender","Colombia"
"Catharine","Raynard","craynard8q@lycos.com","Male","China"
"Foster","Eaglen","feaglen8r@biglobe.ne.jp","Male","South Korea"
"Winna","Liddard","wliddard8s@example.com","Polygender","Indonesia"
"Bernadette","Boult","bboult8t@economist.com","Female","Palestinian Territory"
"Magdalene","Gledhill","mgledhill8u@opensource.org","Bigender","China"
"Joey","McCook","jmccook8v@ustream.tv","Genderqueer","China"
"Anatole","Boken","aboken8w@mediafire.com","Agender","Albania"
"Cicily","Carnell","ccarnell8x@ted.com","Agender","United States"
"Chandal","Sambiedge","csambiedge8y@chronoengine.com","Bigender","Philippines"
"Quincey","Berthelmot","qberthelmot8z@sfgate.com","Bigender","Portugal"
"Jacinthe","Barnsdall","jbarnsdall90@eventbrite.com","Bigender","Peru"
"Leisha","Knowlden","lknowlden91@i2i.jp","Genderfluid","Poland"
"Danya","Scholte","dscholte92@multiply.com","Non-binary","Indonesia"
"Bobbee","Enderlein","benderlein93@jiathis.com","Non-binary","China"
"Ogden","Mauditt","omauditt94@wikispaces.com","Genderfluid","Honduras"
"Michel","Wheildon","mwheildon95@surveymonkey.com","Genderfluid","Martinique"
"Rozanna","Morrid","rmorrid96@mtv.com","Female","Philippines"
"Nellie","Messitt","nmessitt97@stanford.edu","Agender","Canada"
"Cly","McCarty","cmccarty98@umn.edu","Genderqueer","Philippines"
"Sandor","Goodayle","sgoodayle99@nih.gov","Female","Philippines"
"Waylen","Rosenqvist","wrosenqvist9a@gnu.org","Agender","United States"
"Sidney","Grayne","sgrayne9b@wix.com","Polygender","Russia"
"Odette","Hawkswood","ohawkswood9c@craigslist.org","Non-binary","Russia"
"Dedie","Franc","dfranc9d@elpais.com","Agender","Poland"
"Denys","Youll","dyoull9e@pen.io","Male","Paraguay"
"Verge","Ors","vors9f@ucoz.com","Male","Indonesia"
"Innis","Heild","iheild9g@vkontakte.ru","Genderqueer","China"
"Shelli","D'Alwis","sdalwis9h@google.com.br","Agender","Indonesia"
"Thomasin","Braybrooke","tbraybrooke9i@newyorker.com","Male","Poland"
"Caleb","Dyas","cdyas9j@cisco.com","Non-binary","Serbia"
"Kippar","Meys","kmeys9k@sourceforge.net","Genderqueer","Ukraine"
"Brigida","Whetnell","bwhetnell9l@alibaba.com","Male","Vietnam"
"Caresa","Rumming","crumming9m@epa.gov","Bigender","Peru"
"Ira","Primo","iprimo9n@geocities.com","Male","Mongolia"
"Lucita","Djurdjevic","ldjurdjevic9o@typepad.com","Polygender","Nicaragua"
"Carilyn","Gallanders","cgallanders9p@yahoo.com","Non-binary","Canada"
"Zita","Alexsandrev","zalexsandrev9q@nytimes.com","Agender","Finland"
"Dino","Jerche","djerche9r@army.mil","Non-binary","Indonesia"
"Keefer","Scaysbrook","kscaysbrook9s@reuters.com","Polygender","Portugal"
"Abey","Gonzalo","agonzalo9t@dion.ne.jp","Genderqueer","Sweden"
"Darice","Rives","drives9u@istockphoto.com","Polygender","Poland"
"Berkie","Lotherington","blotherington9v@noaa.gov","Genderqueer","Tanzania"
"Cob","Archbald","carchbald9w@jiathis.com","Genderqueer","China"
"Lanni","Wandrack","lwandrack9x@hao123.com","Genderqueer","Angola"
"Farly","Ruprich","fruprich9y@apple.com","Polygender","Botswana"
"Lexy","Audus","laudus9z@fc2.com","Polygender","Poland"
"Wyndham","Laurand","wlauranda0@51.la","Non-binary","Tuvalu"
"Eunice","Dunkirk","edunkirka1@webeden.co.uk","Polygender","Thailand"
"Cassandra","Castillou","ccastilloua2@delicious.com","Polygender","Indonesia"
"Sollie","Heel","sheela3@reference.com","Agender","Sweden"
"Lettie","O'Sheilds","losheildsa4@de.vu","Agender","Russia"
"Ivie","Dibner","idibnera5@mapy.cz","Genderfluid","Yemen"
"Gradeigh","de Keep","gdekeepa6@uiuc.edu","Male","Russia"
"Derrek","Libero","dliberoa7@cbsnews.com","Genderfluid","Sweden"
"Eleanore","Escala","eescalaa8@shutterfly.com","Non-binary","Thailand"
"Caye","Michel","cmichela9@mozilla.com","Non-binary","Portugal"
"Joella","Cornil","jcornilaa@vinaora.com","Polygender","Cameroon"
"Cele","Bernier","cbernierab@earthlink.net","Female","China"
"Layne","Dahlman","ldahlmanac@blinklist.com","Female","Czech Republic"
"Dill","Dickon","ddickonad@nymag.com","Genderqueer","Indonesia"
"Chiquita","Barry","cbarryae@nytimes.com","Polygender","Nicaragua"
"Merralee","Branney","mbranneyaf@comcast.net","Non-binary","Argentina"
"Caren","Petrichat","cpetrichatag@flavors.me","Bigender","China"
"Theodore","Boller","tbollerah@sogou.com","Agender","China"
"Obed","Illesley","oillesleyai@twitpic.com","Genderqueer","China"
"Elfrida","Valencia","evalenciaaj@dyndns.org","Male","Brazil"
"Christie","Joannic","cjoannicak@imgur.com","Genderqueer","Germany"
"Lonni","Cowdery","lcowderyal@imgur.com","Male","Russia"
"Tyrus","Saket","tsaketam@posterous.com","Agender","China"
"Tatiania","Hugnin","thugninan@tamu.edu","Agender","Sweden"
"Tiffany","Tolley","ttolleyao@macromedia.com","Genderqueer","Sweden"
"Morgun","Treweela","mtreweelaap@ebay.com","Male","Poland"
"Stephan","Beggi","sbeggiaq@apple.com","Polygender","Nepal"
"Kary","Duffield","kduffieldar@newsvine.com","Genderqueer","China"
"Charin","Lindgren","clindgrenas@newyorker.com","Male","Russia"
"Dilly","New","dnewat@cbslocal.com","Bigender","Japan"
"Deloris","Iacopetti","diacopettiau@nba.com","Polygender","Malawi"
"Guy","Bisatt","gbisattav@instagram.com","Genderfluid","Paraguay"
"Nessi","Swanne","nswanneaw@drupal.org","Female","Brazil"
"Hewie","Prudham","hprudhamax@europa.eu","Polygender","Sweden"
"Aube","Frisel","afriselay@w3.org","Male","Japan"
"Estrellita","Natwick","enatwickaz@pagesperso-orange.fr","Genderfluid","China"
"Willard","Dive","wdiveb0@mlb.com","Male","Sweden"
"Clint","Owain","cowainb1@google.com.hk","Male","Vietnam"
"Maximilien","Reeman","mreemanb2@unblog.fr","Bigender","Portugal"
"Dorie","Picard","dpicardb3@nsw.gov.au","Genderqueer","Philippines"
"Ewan","McNaught","emcnaughtb4@narod.ru","Female","Dominica"
"Donni","Strephan","dstrephanb5@furl.net","Bigender","France"
"Brittan","Meldrum","bmeldrumb6@etsy.com","Non-binary","China"
"Leighton","Dumphry","ldumphryb7@miibeian.gov.cn","Genderqueer","Colombia"
"Legra","Kaveney","lkaveneyb8@feedburner.com","Agender","Malaysia"
"Kippie","Elcum","kelcumb9@businessweek.com","Polygender","Poland"
"Corbett","Wrankling","cwranklingba@wisc.edu","Genderqueer","Samoa"
"Valera","Tuck","vtuckbb@google.ru","Female","Portugal"
"Agustin","Blamphin","ablamphinbc@ustream.tv","Bigender","Indonesia"
"Joeann","Finnick","jfinnickbd@1und1.de","Female","China"
"Stormi","Powlesland","spowleslandbe@wikipedia.org","Male","Malaysia"
"Cristi","Slyman","cslymanbf@cbc.ca","Bigender","Indonesia"
"Nikola","Yearby","nyearbybg@time.com","Genderqueer","Brazil"
"D'arcy","Crickmer","dcrickmerbh@biblegateway.com","Male","Myanmar"
"Elvin","Liversley","eliversleybi@liveinternet.ru","Non-binary","China"
"Karoly","Clementi","kclementibj@trellian.com","Male","Indonesia"
"Ethelred","Flory","eflorybk@360.cn","Genderqueer","Greece"
"Lonnie","Lissemore","llissemorebl@bigcartel.com","Polygender","Iran"
"Ida","Dresser","idresserbm@omniture.com","Polygender","Peru"
"Cleon","Loncaster","cloncasterbn@umn.edu","Non-binary","China"
"Goldie","Camolli","gcamollibo@reddit.com","Genderfluid","Thailand"
"Bailey","Apted","baptedbp@stanford.edu","Genderqueer","Colombia"
"Burt","Cluff","bcluffbq@smugmug.com","Genderfluid","Indonesia"
"Lanie","Ogg","loggbr@icq.com","Genderfluid","China"
"Natala","Goade","ngoadebs@printfriendly.com","Agender","China"
"Sherlocke","Yashanov","syashanovbt@symantec.com","Polygender","Greece"
"Seth","Brocklebank","sbrocklebankbu@google.cn","Non-binary","Croatia"
"Brocky","Jewster","bjewsterbv@boston.com","Non-binary","China"
"Josey","Fullicks","jfullicksbw@amazon.de","Agender","New Zealand"
"Kory","Baraja","kbarajabx@sitemeter.com","Genderfluid","Canada"
"Lotti","Kermode","lkermodeby@google.nl","Bigender","Indonesia"
"Berky","Francioli","bfranciolibz@ft.com","Non-binary","Greece"
"Edouard","Salan","esalanc0@fastcompany.com","Bigender","Mozambique"
"Lane","Blore","lblorec1@google.nl","Non-binary","Armenia"
"Wynne","Matzaitis","wmatzaitisc2@yellowbook.com","Genderfluid","Portugal"
"Rosanne","Berendsen","rberendsenc3@ning.com","Bigender","Indonesia"
"Chad","Frays","cfraysc4@slashdot.org","Female","Philippines"
"Deidre","Hightown","dhightownc5@ca.gov","Non-binary","Azerbaijan"
"Meara","Cremer","mcremerc6@miibeian.gov.cn","Agender","Ukraine"
"Osbourne","Abrahamsen","oabrahamsenc7@java.com","Bigender","Peru"
"Maris","Reubbens","mreubbensc8@washingtonpost.com","Female","China"
"Bibi","Whysall","bwhysallc9@lycos.com","Male","Indonesia"
"Alden","Woodford","awoodfordca@unicef.org","Male","Philippines"
"Allan","Trinkwon","atrinkwoncb@independent.co.uk","Agender","China"
"Almeta","Braisher","abraishercc@seattletimes.com","Male","Indonesia"
"Christy","Maldin","cmaldincd@trellian.com","Genderfluid","France"
"Alysa","Bixley","abixleyce@wiley.com","Agender","China"
"Elias","Platfoot","eplatfootcf@berkeley.edu","Bigender","Nepal"
"Quinlan","Biesterfeld","qbiesterfeldcg@booking.com","Male","Nigeria"
"Ellary","Goodayle","egoodaylech@intel.com","Male","China"
"Gypsy","Bote","gboteci@delicious.com","Non-binary","Argentina"
"Addi","Snepp","asneppcj@foxnews.com","Agender","Poland"
"Shaun","Gilpillan","sgilpillanck@senate.gov","Agender","Philippines"
"Arnoldo","Goshawk","agoshawkcl@seattletimes.com","Non-binary","Slovenia"
"Sim","Macken","smackencm@tinyurl.com","Agender","France"
"Dorey","Ferencz","dferenczcn@reverbnation.com","Genderqueer","China"
"Milly","Blything","mblythingco@cisco.com","Genderfluid","Poland"
"Pip","Seaman","pseamancp@berkeley.edu","Genderfluid","Russia"
"Biddie","Hill","bhillcq@ocn.ne.jp","Polygender","Russia"
"Gonzalo","Widdicombe","gwiddicombecr@dyndns.org","Female","United States"
"Rhody","Wyper","rwypercs@desdev.cn","Bigender","Guyana"
"Lamar","Keilty","lkeiltyct@hao123.com","Polygender","Czech Republic"
"Damiano","Valentinetti","dvalentinetticu@omniture.com","Bigender","Japan"
"Marleen","Yurshev","myurshevcv@princeton.edu","Male","Philippines"
"Melvyn","Ind","mindcw@google.com.br","Genderfluid","China"
"Win","Whatman","wwhatmancx@twitter.com","Female","Chile"
"Haley","Baszkiewicz","hbaszkiewiczcy@so-net.ne.jp","Genderfluid","Indonesia"
"Nick","Elington","nelingtoncz@smh.com.au","Bigender","Palestinian Territory"
"Morganica","Gavigan","mgavigand0@t.co","Non-binary","Venezuela"
"Gan","Wakelin","gwakelind1@paypal.com","Non-binary","China"
"Noel","Scriven","nscrivend2@lycos.com","Female","China"
"Barbara","Potzold","bpotzoldd3@myspace.com","Bigender","Brazil"
"Goddart","Quemby","gquembyd4@cisco.com","Male","Indonesia"
"Allina","Farlane","afarlaned5@dedecms.com","Female","Sweden"
"Lettie","Sheffield","lsheffieldd6@lycos.com","Bigender","Costa Rica"
"Fields","Southard","fsouthardd7@shareasale.com","Bigender","Ukraine"
"Don","Gidden","dgiddend8@dailymail.co.uk","Genderqueer","France"
"Silvan","Bewley","sbewleyd9@wiley.com","Polygender","Brazil"
"Marigold","Boyet","mboyetda@loc.gov","Non-binary","China"
"Neysa","Waudby","nwaudbydb@gov.uk","Genderfluid","Guam"
"Cass","Sheaber","csheaberdc@hud.gov","Polygender","Ukraine"
"Lanny","Slesser","lslesserdd@wikia.com","Female","China"
"Ripley","Cornborough","rcornboroughde@qq.com","Genderqueer","Poland"
"Justis","Braune","jbraunedf@shop-pro.jp","Genderfluid","China"
"Philippa","Karmel","pkarmeldg@live.com","Genderfluid","Portugal"
"Kellina","Rigler","kriglerdh@cnbc.com","Bigender","Ireland"
"Datha","Mobbs","dmobbsdi@boston.com","Bigender","Greece"
"Emmie","Balcock","ebalcockdj@gov.uk","Male","Indonesia"
"Quintin","Geater","qgeaterdk@hostgator.com","Genderqueer","Russia"
"Abbey","Lugsdin","alugsdindl@house.gov","Agender","Netherlands"
"Dolly","Piet","dpietdm@fc2.com","Male","Sweden"
"Aubrette","Galletley","agalletleydn@lulu.com","Genderqueer","Antigua and Barbuda"
"Hollis","Brassill","hbrassilldo@springer.com","Agender","Uzbekistan"
"Cherry","Dewen","cdewendp@imageshack.us","Genderqueer","Kazakhstan"
"Alayne","Philpots","aphilpotsdq@si.edu","Genderqueer","Haiti"
"Cari","Beggi","cbeggidr@deliciousdays.com","Polygender","Sweden"
"Marshal","St. Aubyn","mstaubynds@squarespace.com","Genderqueer","Philippines"
"Barbie","Brigshaw","bbrigshawdt@timesonline.co.uk","Bigender","Canada"
"Tadd","Walpole","twalpoledu@sun.com","Agender","Sweden"
"Ichabod","Bane","ibanedv@tinypic.com","Bigender","Philippines"
"Walton","Stanyforth","wstanyforthdw@smh.com.au","Non-binary","Venezuela"
"Hilde","Tillot","htillotdx@yandex.ru","Male","China"
"Danni","Craigs","dcraigsdy@cdc.gov","Agender","Reunion"
"Dorotea","Bolger","dbolgerdz@ehow.com","Agender","Argentina"
"Crosby","Bastard","cbastarde0@t-online.de","Agender","Indonesia"
"Bo","Matteau","bmatteaue1@devhub.com","Non-binary","China"
"Mady","McVicker","mmcvickere2@domainmarket.com","Genderqueer","Russia"
"Stephanie","Sapauton","ssapautone3@vimeo.com","Non-binary","Poland"
"Had","Espadate","hespadatee4@networksolutions.com","Male","China"
"Spense","Evered","severede5@tinypic.com","Genderfluid","France"
"Ellsworth","Gentry","egentrye6@123-reg.co.uk","Non-binary","Colombia"
"Ephrem","Viveash","eviveashe7@godaddy.com","Polygender","Colombia"
"Jehanna","Rochford","jrochforde8@auda.org.au","Female","Indonesia"
"Melisandra","Gurden","mgurdene9@imdb.com","Female","China"
"Jeanine","Watkiss","jwatkissea@cnn.com","Female","Philippines"
"Meghan","Shipp","mshippeb@posterous.com","Genderqueer","Indonesia"
"Dickie","Dessaur","ddessaurec@google.ca","Genderqueer","Indonesia"
"Base","Pavitt","bpavitted@icq.com","Non-binary","Peru"
"Mala","Epsly","mepslyee@naver.com","Male","France"
"Rosalinda","Handke","rhandkeef@seesaa.net","Genderqueer","New Caledonia"
"Hubert","Egginton","heggintoneg@sciencedaily.com","Non-binary","Portugal"
"Javier","Mocker","jmockereh@paypal.com","Polygender","Indonesia"
"Odele","Poultney","opoultneyei@macromedia.com","Non-binary","Ireland"
"Derk","Bartles","dbartlesej@hhs.gov","Bigender","Vietnam"
"Raimundo","Wythe","rwytheek@craigslist.org","Female","Indonesia"
"Farleigh","Northcote","fnorthcoteel@webnode.com","Male","Serbia"
"Noami","Coot","ncootem@mlb.com","Genderfluid","Philippines"
"Ranique","Fealy","rfealyen@accuweather.com","Genderqueer","Malaysia"
"Nani","Jupp","njuppeo@phpbb.com","Agender","Poland"
"Pascale","De Micoli","pdemicoliep@blogger.com","Female","Azerbaijan"
"Cristine","Collinwood","ccollinwoodeq@mozilla.org","Genderqueer","Belarus"
"Meg","MacKibbon","mmackibboner@amazon.de","Agender","Indonesia"
"Abner","McMullen","amcmullenes@addthis.com","Polygender","Finland"
"Elfreda","Kewzick","ekewzicket@jiathis.com","Female","Republic of the Congo"
"Griselda","Becks","gbeckseu@altervista.org","Genderfluid","China"
"Hersch","Di Lucia","hdiluciaev@weibo.com","Bigender","China"
"Aileen","Treagust","atreagustew@cnet.com","Bigender","China"
"Dare","MacRirie","dmacririeex@google.ru","Non-binary","South Africa"
"Janeta","Van der Beken","jvanderbekeney@narod.ru","Non-binary","Czech Republic"