id,first_name,last_name,email,gender,City
1,Hilliard,Downie,hdownie0@slashdot.org,Male,New York
2,Greg,Bachnic,gbachnic1@fotki.com,Male,New  York.
3,Cindra,Hiskey,chiskey2@github.io,Female,New.York
4,Eduino,Lepick,elepick3@washingtonpost.com,Male,London
5,Leanna,Marriot,lmarriot4@businessinsider.com,Female,London.
6,Ronald,MacCrossan,rmaccrossan5@pinterest.com,Male,Salt Lake City
7,Cece,Sleicht,csleicht6@mediafire.com,Male,SaltLake City
8,Verile,Cockroft,vcockroft7@4shared.com,Female,Salt Lake.City
9,Justinian,Philp,jphilp8@wisc.edu,Male,Salt Lake City.
10,Neall,Montfort,nmontfort9@yahoo.com,Male,New Delhi
11,Olympie,Pifford,opifforda@kickstarter.com,Female,Delhi
12,Miof mela,Nicholes,mnicholesb@slate.com,Female,New.Delhi
13,Kele,Parkman,kparkmanc@webeden.co.uk,Male,Noida
14,Franny,Sudron,fsudrond@msn.com,Female,.Noida
15,Worthington,Whettleton,wwhettletone@51.la,Male,Noida.
16,Barn,Bohl,bbohlf@topsy.com,Male,Bangalore
17,Sully,Willcock,swillcockg@mediafire.com,Male,Bangalore.
18,Chan,Brain,cbrainh@livejournal.com,Male,Naberera
19,Yanaton,Illem,yillemi@macromedia.com,Male,Novyy Urgal
20,Vito,Yegorovnin,vyegorovninj@so-net.ne.jp,Male,Knoxville
21,Dallas,Janks,djanksk@dedecms.com,Male,Błaszki
22,Theodor,Rubinfeld,trubinfeldl@vimeo.com,Male,København
23,Siegfried,Caird,scairdm@tinyurl.com,Male,Charleville-Mézières
24,Clarissa,Balls,cballsn@list-manage.com,Female,Kuala Terengganu
25,Jasmin,Legge,jleggeo@taobao.com,Female,Kukur
26,Aileen,Garden,agardenp@acquirethisname.com,Female,Shenshan
27,Paolina,Tonkes,ptonkesq@google.com.br,Female,Igarapava
28,Suzann,Gravestone,sgravestoner@unblog.fr,Female,Morshansk
29,Andy,Bridgland,abridglands@cbc.ca,Male,Fatubia
30,Red,Hollow,rhollowt@dropbox.com,Male,São Martinho
31,Queenie,Taylour,qtaylouru@un.org,Female,Panyingkiran
32,Kele,Smaleman,ksmalemanv@360.cn,Male,Kotli Lohārān
33,Stafani,Sharram,ssharramw@timesonline.co.uk,Female,Manicahan
34,Carmen,Morphet,cmorphetx@hao123.com,Female,Chattanooga
35,Lora,Mcasparan,lmcasparany@ucla.edu,Female,Rio Bonito
36,Hayley,Champniss,hchampnissz@who.int,Female,Pamplona
37,Gilles,Wharf,gwharf10@soup.io,Male,Pangani
38,Lemmy,Oventon,loventon11@reddit.com,Male,Kaca
39,Edgar,Jouaneton,ejouaneton12@fda.gov,Male,Xikou
40,Myranda,Bantham,mbantham13@bloomberg.com,Female,Upata
41,Johnathon,Eginton,jeginton14@baidu.com,Male,Bei’an
42,Lorettalorna,Pattesall,lpattesall15@npr.org,Female,Ordzhonikidze
43,Karoly,Yeeles,kyeeles16@is.gd,Female,Dolavón
44,Kaleb,Eirwin,keirwin17@google.fr,Male,Cibojong
45,Marline,Hows,mhows18@homestead.com,Female,Poręba Spytkowska
46,Bertrand,Buie,bbuie19@tuttocitta.it,Male,Lahad Datu
47,Zacharia,Tomasik,ztomasik1a@newyorker.com,Male,Zhangzhu
48,Noby,Morgans,nmorgans1b@webmd.com,Male,Zhangjiaji
49,Marve,Hornig,mhornig1c@foxnews.com,Male,Jinshiqiao
50,Hy,Eichmann,heichmann1d@techcrunch.com,Male,Menggala
51,Anatol,Benedtti,abenedtti1e@state.gov,Male,Hanyin Chengguanzhen
52,Gwen,Villaret,gvillaret1f@howstuffworks.com,Female,Villa Nueva
53,Ronnie,Viall,rviall1g@amazon.co.uk,Male,Tempel
54,Suzann,Staton,sstaton1h@mashable.com,Female,Rychnov nad Kněžnou
55,Markus,Tacey,mtacey1i@telegraph.co.uk,Male,Sibut
56,Cletis,Scoles,cscoles1j@discuz.net,Male,Bajera
57,Bancroft,Monni,bmonni1k@shutterfly.com,Male,Siikainen
58,Locke,Paxton,lpaxton1l@sogou.com,Male,Forshaga
59,Bibby,Ible,bible1m@mozilla.org,Female,Anchorage
60,Sharl,Bockin,sbockin1n@clickbank.net,Female,Piława Górna
61,Pate,Haville,phaville1o@comcast.net,Male,Shchukino
62,Wilhelmine,Gerriet,wgerriet1p@alibaba.com,Female,Baryshevo
63,Kinnie,Dessant,kdessant1q@twitpic.com,Male,Višňové
64,Marci,Eglaise,meglaise1r@cnet.com,Female,Pacaembu
65,Cassie,Taill,ctaill1s@youtu.be,Female,Luotang
66,Gayle,Leitche,gleitche1t@networksolutions.com,Female,Dayr Sāmit
67,Egbert,Dymott,edymott1u@slate.com,Male,Changfeng
68,Linnea,Lowman,llowman1v@google.pl,Female,Del Pilar
69,Julia,Boughtwood,jboughtwood1w@diigo.com,Female,Eslöv
70,Olav,Dosdill,odosdill1x@cam.ac.uk,Male,Hamburg
71,Willard,Killelay,wkillelay1y@ftc.gov,Male,Canindé
72,Sibelle,Loblie,sloblie1z@macromedia.com,Female,Wonopringgo
73,Noble,Delleschi,ndelleschi20@shareasale.com,Male,Baimaqiao
74,Shae,Sills,ssills21@dailymail.co.uk,Male,Ourozinho
75,Burr,Dudmesh,bdudmesh22@addtoany.com,Male,Tsuma
76,Clywd,Vanner,cvanner23@networksolutions.com,Male,Zhulebino
77,Johanna,Bonder,jbonder24@linkedin.com,Female,Rennes
78,Lila,Ronchi,lronchi25@mapquest.com,Female,Chapelton
79,Lennie,Shipsey,lshipsey26@time.com,Male,Changliu
80,Rice,Yakolev,ryakolev27@printfriendly.com,Male,Leipzig
81,Eddie,Schonfelder,eschonfelder28@edublogs.org,Female,Banyuurip
82,Noel,Bampford,nbampford29@house.gov,Female,Miyang
83,Noby,Beddoe,nbeddoe2a@bluehost.com,Male,Gardanne
84,Billye,Redfern,bredfern2b@t-online.de,Female,San Pedro Sacatepéquez
85,Reeba,Yakovich,ryakovich2c@de.vu,Female,Pojan
86,Tillie,Glancey,tglancey2d@umich.edu,Female,Bang Mun Nak
87,Dallon,Seymer,dseymer2e@trellian.com,Male,Bambang
88,Winne,Jiras,wjiras2f@state.tx.us,Female,Chauk
89,Danice,Davidsson,ddavidsson2g@unblog.fr,Female,Waishan
90,Jacki,Sheirlaw,jsheirlaw2h@cnet.com,Female,Maciejowice
91,Maryann,Chantree,mchantree2i@reverbnation.com,Female,Padangtiji
92,Julie,Carek,jcarek2j@github.com,Male,Meghrashen
93,Curr,Magner,cmagner2k@booking.com,Male,Fauske
94,Ginevra,Mortell,gmortell2l@nytimes.com,Female,Bapska
95,Ulrikaumeko,Sayse,usayse2m@google.nl,Female,Kemendung
96,Maryjane,Manson,mmanson2n@jalbum.net,Female,Apeldoorn
97,Feodor,Relf,frelf2o@yandex.ru,Male,Krahës
98,Farlie,Kenway,fkenway2p@1688.com,Male,Cirompang
99,Alford,Gatman,agatman2q@istockphoto.com,Male,Changhan
100,Travis,Diffley,tdiffley2r@examiner.com,Male,Frolovo
